match_id,team_side,player_id,player_name,jersey_number,position,x,y
25-26-efl-cup-arsenal-vs-port-vale,away,,M. Clark,9,M,69.3,13.1
25-26-efl-cup-arsenal-vs-port-vale,away,,R. Paton,12,F,65.3,43.8
25-26-efl-cup-arsenal-vs-port-vale,away,,R. Walters,22,M,51.1,57.6
25-26-efl-cup-arsenal-vs-port-vale,away,,J. Stockley,7,F,66.5,43.0
25-26-efl-cup-arsenal-vs-port-vale,away,,G. Hall,23,M,64.9,24.3
25-26-efl-cup-arsenal-vs-port-vale,away,,B. Garrity,4,M,72.2,62.0
25-26-efl-cup-arsenal-vs-port-vale,away,,J. Debrah,38,D,49.7,23.7
25-26-efl-cup-arsenal-vs-port-vale,away,,J. Gauci,34,G,12.9,50.4
25-26-efl-cup-arsenal-vs-port-vale,away,,R. Croasdale,28,M,55.7,37.1
25-26-efl-cup-arsenal-vs-port-vale,away,,J. Lawrence-Gabriel,36,D,50.3,16.4
25-26-efl-cup-arsenal-vs-port-vale,away,,C. Humphreys,43,D,37.0,46.2
25-26-efl-cup-arsenal-vs-port-vale,away,,J. Headley,55,M,35.6,81.3
25-26-efl-cup-arsenal-vs-port-vale,away,,R. Curtis,44,M,58.4,65.2
25-26-efl-cup-arsenal-vs-port-vale,away,,F. Ojo,2,M,68.9,25.1
25-26-efl-cup-arsenal-vs-port-vale,away,,D. Cole,7,F,36.8,84.3
25-26-efl-cup-arsenal-vs-port-vale,away,,C. Hall,49,D,42.4,68.3
25-26-efl-cup-arsenal-vs-port-vale,home,21,Rice,15,M,55.6,44.8
25-26-efl-cup-arsenal-vs-port-vale,home,20,Trossard,9,F,67.6,84.3
25-26-efl-cup-arsenal-vs-port-vale,home,,K. Arrizabalaga,48,G,14.2,55.3
25-26-efl-cup-arsenal-vs-port-vale,home,,G. Martinelli,42,F,68.0,84.5
25-26-efl-cup-arsenal-vs-port-vale,home,700,Dowman,26,M,62.4,21.5
25-26-efl-cup-arsenal-vs-port-vale,home,662,Mosquera,122,D,36.2,59.5
25-26-efl-cup-arsenal-vs-port-vale,home,,B. White,91,D,50.0,18.1
25-26-efl-cup-arsenal-vs-port-vale,home,24,Nørgaard,112,M,49.6,45.3
25-26-efl-cup-arsenal-vs-port-vale,home,,G. Magalhaes,39,D,34.3,75.1
25-26-efl-cup-arsenal-vs-port-vale,home,16,Saka,58,F,69.3,17.6
25-26-efl-cup-arsenal-vs-port-vale,home,10,Lewis-Skelly,103,D,48.2,78.1
25-26-efl-cup-arsenal-vs-port-vale,home,266,Eze,58,M,56.8,67.3
25-26-efl-cup-arsenal-vs-port-vale,home,6,Saliba,142,D,32.6,38.4
25-26-efl-cup-arsenal-vs-port-vale,home,,M. Merino,50,M,54.8,40.6
25-26-efl-cup-arsenal-vs-port-vale,home,666,Gyökeres,8,F,49.1,60.7
25-26-efl-cup-arsenal-vs-port-vale,home,25,Nwaneri,94,M,52.6,34.9
25-26-efl-cup-cambridge-united-vs-fulham,away,727,Chukwueze,19,F,55.9,56.0
25-26-efl-cup-cambridge-united-vs-fulham,away,330,Berge,8,M,35.4,31.7
25-26-efl-cup-cambridge-united-vs-fulham,away,329,Wilson,10,M,51.8,23.6
25-26-efl-cup-cambridge-united-vs-fulham,away,,J. King,26,M,59.3,37.4
25-26-efl-cup-cambridge-united-vs-fulham,away,,R. Muniz,10,F,66.2,43.3
25-26-efl-cup-cambridge-united-vs-fulham,away,336,Reed,99,M,55.5,60.9
25-26-efl-cup-cambridge-united-vs-fulham,away,,J. Cuenca,116,D,41.6,68.3
25-26-efl-cup-cambridge-united-vs-fulham,away,316,Robinson,110,D,50.1,87.3
25-26-efl-cup-cambridge-united-vs-fulham,away,320,Diop,110,D,38.1,34.3
25-26-efl-cup-cambridge-united-vs-fulham,away,,R. Jiménez,46,F,61.6,53.0
25-26-efl-cup-cambridge-united-vs-fulham,away,331,Cairney,112,M,51.4,50.5
25-26-efl-cup-cambridge-united-vs-fulham,away,,A. Traoré,45,F,66.6,25.7
25-26-efl-cup-cambridge-united-vs-fulham,away,325,Smith Rowe,58,M,58.7,55.4
25-26-efl-cup-cambridge-united-vs-fulham,away,664,Lecomte,47,G,12.6,47.9
25-26-efl-cup-cambridge-united-vs-fulham,away,,Kevin,80,M,69.5,82.2
25-26-efl-cup-cambridge-united-vs-fulham,away,319,Castagne,78,D,45.5,19.6
25-26-efl-cup-cambridge-united-vs-fulham,home,,B. Knight,13,M,67.6,21.3
25-26-efl-cup-cambridge-united-vs-fulham,home,,A. Mayor,16,M,51.3,65.3
25-26-efl-cup-cambridge-united-vs-fulham,home,,E. Kachunga,15,F,69.6,39.5
25-26-efl-cup-cambridge-united-vs-fulham,home,,D. Ball,22,M,53.1,41.4
25-26-efl-cup-cambridge-united-vs-fulham,home,,K. Kouassi,22,F,70.0,40.9
25-26-efl-cup-cambridge-united-vs-fulham,home,,P. Mpanzu,26,M,55.7,44.2
25-26-efl-cup-cambridge-united-vs-fulham,home,,S. Lavery,32,F,59.4,45.2
25-26-efl-cup-cambridge-united-vs-fulham,home,,J. Brophy,33,M,50.7,19.5
25-26-efl-cup-cambridge-united-vs-fulham,home,,Z. Bradshaw,36,D,50.1,76.2
25-26-efl-cup-cambridge-united-vs-fulham,home,,S. McLoughlin,34,M,49.6,54.5
25-26-efl-cup-cambridge-united-vs-fulham,home,,Z. I. Rossi,41,D,34.3,52.4
25-26-efl-cup-cambridge-united-vs-fulham,home,,K. Smith,32,M,48.0,41.3
25-26-efl-cup-cambridge-united-vs-fulham,home,,M. Jobe,39,D,32.5,33.5
25-26-efl-cup-cambridge-united-vs-fulham,home,,S. Kaikai,14,F,72.2,59.0
25-26-efl-cup-cambridge-united-vs-fulham,home,,J. Eastwood,46,G,9.4,45.9
25-26-efl-cup-cambridge-united-vs-fulham,home,,L. Bennett,53,D,27.4,15.0
25-26-efl-cup-chelsea-vs-lincoln-city,away,,Z. Jeacock,40,G,12.1,51.9
25-26-efl-cup-chelsea-vs-lincoln-city,away,,T. Bayliss,21,M,51.1,43.4
25-26-efl-cup-chelsea-vs-lincoln-city,away,,B. House,28,M,64.6,33.2
25-26-efl-cup-chelsea-vs-lincoln-city,away,,T. Darikwa,46,D,43.1,28.8
25-26-efl-cup-chelsea-vs-lincoln-city,away,,R. Street,31,F,73.7,50.6
25-26-efl-cup-chelsea-vs-lincoln-city,away,,V. Ivan,33,M,55.4,56.3
25-26-efl-cup-chelsea-vs-lincoln-city,away,,F. Draper,35,F,69.3,51.7
25-26-efl-cup-chelsea-vs-lincoln-city,away,,L. Montsma,41,D,43.4,30.7
25-26-efl-cup-chelsea-vs-lincoln-city,away,,S. Bradley,57,D,46.7,58.4
25-26-efl-cup-chelsea-vs-lincoln-city,away,,R. Hackett-Fairchild,18,M,65.6,30.4
25-26-efl-cup-chelsea-vs-lincoln-city,away,,R. Towler,37,D,46.7,75.3
25-26-efl-cup-chelsea-vs-lincoln-city,away,,J. Collins,11,F,56.6,55.4
25-26-efl-cup-chelsea-vs-lincoln-city,away,,J. Obikwu,8,F,71.0,58.1
25-26-efl-cup-chelsea-vs-lincoln-city,away,,C. McGrandles,46,M,53.6,52.9
25-26-efl-cup-chelsea-vs-lincoln-city,away,,F. Okoronkwo,7,F,65.2,72.7
25-26-efl-cup-chelsea-vs-lincoln-city,away,,T. Hamer,69,D,64.5,60.1
25-26-efl-cup-chelsea-vs-lincoln-city,home,,Estêvão,27,M,58.2,24.3
25-26-efl-cup-chelsea-vs-lincoln-city,home,,M. Cucurella,23,D,48.3,63.6
25-26-efl-cup-chelsea-vs-lincoln-city,home,,P. Neto,21,M,57.7,76.1
25-26-efl-cup-chelsea-vs-lincoln-city,home,243,George,29,F,62.7,57.5
25-26-efl-cup-chelsea-vs-lincoln-city,home,,J. Gittens,40,M,64.2,46.7
25-26-efl-cup-chelsea-vs-lincoln-city,home,,A. Garnacho,30,F,50.7,53.1
25-26-efl-cup-chelsea-vs-lincoln-city,home,672,Hato,104,D,39.2,76.4
25-26-efl-cup-chelsea-vs-lincoln-city,home,,S. Mheuka,11,F,55.2,46.7
25-26-efl-cup-chelsea-vs-lincoln-city,home,226,Chalobah,130,D,31.3,28.4
25-26-efl-cup-chelsea-vs-lincoln-city,home,230,Fofana,117,D,28.8,60.2
25-26-efl-cup-chelsea-vs-lincoln-city,home,,R. Walsh,1,M,62.4,37.4
25-26-efl-cup-chelsea-vs-lincoln-city,home,,F. Jørgensen,63,G,11.0,46.5
25-26-efl-cup-chelsea-vs-lincoln-city,home,237,Enzo,74,M,48.9,68.4
25-26-efl-cup-chelsea-vs-lincoln-city,home,168,Buonanotte,51,M,52.3,40.5
25-26-efl-cup-chelsea-vs-lincoln-city,home,228,Gusto,126,D,42.8,21.6
25-26-efl-cup-chelsea-vs-lincoln-city,home,,A. Santos,83,M,35.7,46.8
25-26-efl-cup-manchester-city-vs-huddersfield-town,away,,B. Radulović,9,F,60.0,49.0
25-26-efl-cup-manchester-city-vs-huddersfield-town,away,,L. Castledine,17,M,49.3,24.2
25-26-efl-cup-manchester-city-vs-huddersfield-town,away,,A. May,10,F,73.5,63.6
25-26-efl-cup-manchester-city-vs-huddersfield-town,away,,D. Charles,10,F,47.8,50.2
25-26-efl-cup-manchester-city-vs-huddersfield-town,away,,Z. Redmond,24,F,36.7,78.0
25-26-efl-cup-manchester-city-vs-huddersfield-town,away,,D. Kasumu,32,M,34.4,63.4
25-26-efl-cup-manchester-city-vs-huddersfield-town,away,,J. Feeney,32,D,28.2,34.7
25-26-efl-cup-manchester-city-vs-huddersfield-town,away,,M. Harness,31,M,37.4,21.4
25-26-efl-cup-manchester-city-vs-huddersfield-town,away,,B. Wiles,41,M,46.1,69.4
25-26-efl-cup-manchester-city-vs-huddersfield-town,away,,L. Nicholls,40,G,8.8,47.3
25-26-efl-cup-manchester-city-vs-huddersfield-town,away,,L. Sørensen,35,D,37.7,12.9
25-26-efl-cup-manchester-city-vs-huddersfield-town,away,,J. Smith-Sway,19,D,36.1,24.3
25-26-efl-cup-manchester-city-vs-huddersfield-town,away,,M. Wallace,61,D,27.4,57.4
25-26-efl-cup-manchester-city-vs-huddersfield-town,away,,S. Roughan,65,D,29.6,82.5
25-26-efl-cup-manchester-city-vs-huddersfield-town,away,,C. Ashia,19,M,44.7,84.9
25-26-efl-cup-manchester-city-vs-huddersfield-town,away,,D. Vost,37,M,33.5,37.6
25-26-efl-cup-manchester-city-vs-huddersfield-town,home,427,Reijnders,8,M,65.1,77.9
25-26-efl-cup-manchester-city-vs-huddersfield-town,home,764,Heskey,4,F,84.3,77.8
25-26-efl-cup-manchester-city-vs-huddersfield-town,home,429,Phillips,11,M,45.3,53.5
25-26-efl-cup-manchester-city-vs-huddersfield-town,home,182,Trafford,28,G,14.5,51.6
25-26-efl-cup-manchester-city-vs-huddersfield-town,home,409,Stones,122,D,45.6,39.3
25-26-efl-cup-manchester-city-vs-huddersfield-town,home,,J. Heskey,11,F,41.9,37.6
25-26-efl-cup-manchester-city-vs-huddersfield-town,home,411,O'Reilly,74,D,58.3,81.3
25-26-efl-cup-manchester-city-vs-huddersfield-town,home,739,Mukasa,53,M,69.6,49.6
25-26-efl-cup-manchester-city-vs-huddersfield-town,home,405,Aké,137,D,41.9,72.2
25-26-efl-cup-manchester-city-vs-huddersfield-town,home,,Savinho,82,M,76.0,80.6
25-26-efl-cup-manchester-city-vs-huddersfield-town,home,424,Bobb,90,M,75.0,18.5
25-26-efl-cup-manchester-city-vs-huddersfield-town,home,410,Lewis,60,D,58.1,51.2
25-26-efl-cup-manchester-city-vs-huddersfield-town,home,414,Foden,85,M,69.7,51.4
25-26-efl-cup-manchester-city-vs-huddersfield-town,home,407,Matheus N.,150,D,58.7,23.3
25-26-efl-cup-manchester-city-vs-huddersfield-town,home,,N. González,101,M,59.2,55.2
25-26-efl-cup-nottingham-forest-vs-swansea-city,away,,A. Fisher,45,G,11.0,46.7
25-26-efl-cup-nottingham-forest-vs-swansea-city,away,,G. Franco,38,M,58.3,38.1
25-26-efl-cup-nottingham-forest-vs-swansea-city,away,,J. Tymon,27,D,43.5,83.1
25-26-efl-cup-nottingham-forest-vs-swansea-city,away,,I. Samuels-Smith,54,D,47.6,86.4
25-26-efl-cup-nottingham-forest-vs-swansea-city,away,,Ž. Vipotnik,5,F,73.8,43.0
25-26-efl-cup-nottingham-forest-vs-swansea-city,away,,C. Burgess,108,D,38.3,67.0
25-26-efl-cup-nottingham-forest-vs-swansea-city,away,,L. Cullen,2,F,84.7,77
25-26-efl-cup-nottingham-forest-vs-swansea-city,away,,M. Yalcouyé,65,M,56.5,71.6
25-26-efl-cup-nottingham-forest-vs-swansea-city,away,,A. Idah,28,F,62.3,45.5
25-26-efl-cup-nottingham-forest-vs-swansea-city,away,,M. Widell,22,M,52.8,55.7
25-26-efl-cup-nottingham-forest-vs-swansea-city,away,,Ronald,9,M,71.5,22.8
25-26-efl-cup-nottingham-forest-vs-swansea-city,away,,B. Manuel,41,M,63.0,21.5
25-26-efl-cup-nottingham-forest-vs-swansea-city,away,,J. Eom,63,M,65.0,79.2
25-26-efl-cup-nottingham-forest-vs-swansea-city,away,,J. Key,68,D,45.9,17.5
25-26-efl-cup-nottingham-forest-vs-swansea-city,away,,E. Galbraith,80,M,48.0,49.7
25-26-efl-cup-nottingham-forest-vs-swansea-city,away,,K. Casey,86,D,32.7,35.2
25-26-efl-cup-nottingham-forest-vs-swansea-city,home,516,Hudson-Odoi,18,M,76.3,67.9
25-26-efl-cup-nottingham-forest-vs-swansea-city,home,521,Sangaré,10,M,38.6,56.5
25-26-efl-cup-nottingham-forest-vs-swansea-city,home,515,Gibbs-White,41,M,45.8,56.6
25-26-efl-cup-nottingham-forest-vs-swansea-city,home,,D. Luiz,53,M,46.5,61.4
25-26-efl-cup-nottingham-forest-vs-swansea-city,home,522,Yates,101,M,48.6,42.0
25-26-efl-cup-nottingham-forest-vs-swansea-city,home,426,McAtee,57,M,56.6,42.6
25-26-efl-cup-nottingham-forest-vs-swansea-city,home,693,Hutchinson,63,M,61.1,51.3
25-26-efl-cup-nottingham-forest-vs-swansea-city,home,716,Savona,88,D,42.3,14.4
25-26-efl-cup-nottingham-forest-vs-swansea-city,home,696,Kalimuendo,24,F,57.9,41.5
25-26-efl-cup-nottingham-forest-vs-swansea-city,home,,I. Jesus,24,F,63.1,48.3
25-26-efl-cup-nottingham-forest-vs-swansea-city,home,,Morato,36,D,31.5,60.8
25-26-efl-cup-nottingham-forest-vs-swansea-city,home,,J. Victor,46,G,7.5,49.9
25-26-efl-cup-nottingham-forest-vs-swansea-city,home,734,Bakwa,44,M,51.7,16.7
25-26-efl-cup-nottingham-forest-vs-swansea-city,home,12,Zinchenko,103,D,40.9,76.6
25-26-efl-cup-nottingham-forest-vs-swansea-city,home,,Jair,41,D,36.9,68.1
25-26-efl-cup-nottingham-forest-vs-swansea-city,home,514,Boly,81,D,29.6,37.1
25-26-europa-league-nottingham-forest-vs-real-betis,away,,C. Hernández,9,F,77.0,49.4
25-26-europa-league-nottingham-forest-vs-real-betis,away,,A. Ezzalzouli,23,M,59.1,77.3
25-26-europa-league-nottingham-forest-vs-real-betis,away,,C. Bakambu,25,F,71.4,48.1
25-26-europa-league-nottingham-forest-vs-real-betis,away,,S. Altimira,32,M,51.5,49.6
25-26-europa-league-nottingham-forest-vs-real-betis,away,,J. Firpo,28,D,49.6,88.6
25-26-europa-league-nottingham-forest-vs-real-betis,away,,P. López,47,G,11.4,53.4
25-26-europa-league-nottingham-forest-vs-real-betis,away,,P. Fornals,15,M,74.0,50.1
25-26-europa-league-nottingham-forest-vs-real-betis,away,,V. Gómez,108,D,37.0,72.9
25-26-europa-league-nottingham-forest-vs-real-betis,away,,R. Rodríguez,55,D,50.6,87.3
25-26-europa-league-nottingham-forest-vs-real-betis,away,,Natan,96,D,36.8,30.5
25-26-europa-league-nottingham-forest-vs-real-betis,away,,G. Lo Celso,67,M,59.6,42.9
25-26-europa-league-nottingham-forest-vs-real-betis,away,,M. Roca,46,M,54.6,59.6
25-26-europa-league-nottingham-forest-vs-real-betis,away,,Á. Ortiz,84,D,40.6,14.6
25-26-europa-league-nottingham-forest-vs-real-betis,away,,R. Riquelme,40,M,65.6,79.4
25-26-europa-league-nottingham-forest-vs-real-betis,away,,S. Amrabat,78,M,48.4,49.7
25-26-europa-league-nottingham-forest-vs-real-betis,away,,Antony,92,M,61.7,20.8
25-26-europa-league-nottingham-forest-vs-real-betis,home,696,Kalimuendo,17,F,51.7,52.6
25-26-europa-league-nottingham-forest-vs-real-betis,home,516,Hudson-Odoi,42,M,63.9,85.1
25-26-europa-league-nottingham-forest-vs-real-betis,home,,D. Luiz,32,M,56.7,47.6
25-26-europa-league-nottingham-forest-vs-real-betis,home,502,Sels,43,G,8.9,48.5
25-26-europa-league-nottingham-forest-vs-real-betis,home,515,Gibbs-White,41,M,55.7,34.6
25-26-europa-league-nottingham-forest-vs-real-betis,home,669,Ndoye,19,M,40.6,84.6
25-26-europa-league-nottingham-forest-vs-real-betis,home,,I. Jesus,36,F,69.2,52.3
25-26-europa-league-nottingham-forest-vs-real-betis,home,,Morato,71,D,26.0,67.2
25-26-europa-league-nottingham-forest-vs-real-betis,home,521,Sangaré,75,M,40.6,44.9
25-26-europa-league-nottingham-forest-vs-real-betis,home,522,Yates,5,M,39.2,26.3
25-26-europa-league-nottingham-forest-vs-real-betis,home,12,Zinchenko,71,D,52.2,80.3
25-26-europa-league-nottingham-forest-vs-real-betis,home,734,Bakwa,34,M,42.6,15.2
25-26-europa-league-nottingham-forest-vs-real-betis,home,508,N.Williams,69,D,37.6,16.1
25-26-europa-league-nottingham-forest-vs-real-betis,home,517,Anderson,83,M,45.6,58.4
25-26-europa-league-nottingham-forest-vs-real-betis,home,505,Milenković,61,D,28.7,33.4
25-26-prem-afc-bournemouth-vs-newcastle-united,home,81,Kluivert,19,M,69.5,64.9
25-26-prem-afc-bournemouth-vs-newcastle-united,home,97,Evanilson,9,F,59.9,54.2
25-26-prem-afc-bournemouth-vs-newcastle-united,home,67,Petrović,1,G,12.1,49.5
25-26-prem-afc-bournemouth-vs-newcastle-united,home,77,Hill,23,D,45.1,21.7
25-26-prem-afc-bournemouth-vs-newcastle-united,home,697,Adli,21,F,59.8,70.5
25-26-prem-afc-bournemouth-vs-newcastle-united,home,87,Christie,10,M,57.6,66.1
25-26-prem-afc-bournemouth-vs-newcastle-united,home,84,Tavernier,16,M,59.7,41.3
25-26-prem-afc-bournemouth-vs-newcastle-united,home,86,Brooks,7,M,61.3,67.7
25-26-prem-afc-bournemouth-vs-newcastle-united,home,82,Semenyo,24,M,57.5,28.0
25-26-prem-afc-bournemouth-vs-newcastle-united,home,72,M. Senesi,5,D,36.5,65.2
25-26-prem-afc-bournemouth-vs-newcastle-united,home,713,A. Jiménez,20,D,49.5,12.0
25-26-prem-afc-bournemouth-vs-newcastle-united,home,74,Truffert,3,D,43.5,86.7
25-26-prem-afc-bournemouth-vs-newcastle-united,home,85,Adams,12,M,43.9,37.5
25-26-prem-afc-bournemouth-vs-newcastle-united,home,90,Scott,8,M,48.8,58.8
25-26-prem-afc-bournemouth-vs-newcastle-united,home,685,Diakité,18,D,40.3,32.3
25-26-prem-afc-bournemouth-vs-newcastle-united,away,486,Elanga,20,F,59.0,44.1
25-26-prem-afc-bournemouth-vs-newcastle-united,away,487,Barnes,11,F,62.6,64.8
25-26-prem-afc-bournemouth-vs-newcastle-united,away,714,Woltemade,27,F,64.2,53.9
25-26-prem-afc-bournemouth-vs-newcastle-united,away,489,J.Murphy,23,F,64.5,23.0
25-26-prem-afc-bournemouth-vs-newcastle-united,away,494,Willock,28,M,48.4,77.6
25-26-prem-afc-bournemouth-vs-newcastle-united,away,480,Lascelles,6,D,19.5,41.8
25-26-prem-afc-bournemouth-vs-newcastle-united,away,500,Osula,18,F,42.6,63.3
25-26-prem-afc-bournemouth-vs-newcastle-united,away,469,Pope,1,G,14.0,54.0
25-26-prem-afc-bournemouth-vs-newcastle-united,away,477,Livramento,,D,57.2,11.7
25-26-prem-afc-bournemouth-vs-newcastle-united,away,684,Thiaw,12,D,35.2,27.9
25-26-prem-afc-bournemouth-vs-newcastle-united,away,476,Burn,33,D,39.9,69.3
25-26-prem-afc-bournemouth-vs-newcastle-united,away,475,Botman,4,D,30.7,52.0
25-26-prem-afc-bournemouth-vs-newcastle-united,away,473,Hall,3,D,51.2,85.9
25-26-prem-afc-bournemouth-vs-newcastle-united,away,497,L.Miley,67,M,44.3,62.0
25-26-prem-afc-bournemouth-vs-newcastle-united,away,491,Tonali,8,M,52.0,36.6
25-26-prem-arsenal-vs-manchester-city,home,25,Nwaneri,22,M,51.5,42.4
25-26-prem-arsenal-vs-manchester-city,home,18,Madueke,20,M,73.9,15.1
25-26-prem-arsenal-vs-manchester-city,home,666,Gyökeres,14,F,66.0,46.1
25-26-prem-arsenal-vs-manchester-city,home,22,M. Merino,23,M,52.7,34.3
25-26-prem-arsenal-vs-manchester-city,home,1,D. Raya,1,G,15.8,53.6
25-26-prem-arsenal-vs-manchester-city,home,266,Eze,10,M,62.4,54.9
25-26-prem-arsenal-vs-manchester-city,home,19,G. Martinelli,11,F,53.2,59.2
25-26-prem-arsenal-vs-manchester-city,home,21,Rice,41,M,53.2,60.2
25-26-prem-arsenal-vs-manchester-city,home,6,Saliba,2,D,38.2,35.7
25-26-prem-arsenal-vs-manchester-city,home,16,Saka,7,F,64.7,22.9
25-26-prem-arsenal-vs-manchester-city,home,662,Mosquera,3,D,27.3,7.8
25-26-prem-arsenal-vs-manchester-city,home,20,Trossard,19,F,64.5,80.3
25-26-prem-arsenal-vs-manchester-city,home,26,M. Zubimendi,36,M,55.7,43.8
25-26-prem-arsenal-vs-manchester-city,home,7,Calafiori,33,D,55.6,76.7
25-26-prem-arsenal-vs-manchester-city,home,8,J.Timber,12,D,55.2,15.3
25-26-prem-arsenal-vs-manchester-city,home,5,G. Magalhaes,,D,39.4,70.1
25-26-prem-arsenal-vs-manchester-city,away,415,Savinho,26,M,63.8,42.8
25-26-prem-arsenal-vs-manchester-city,away,423,N. González,14,M,55.9,67.2
25-26-prem-arsenal-vs-manchester-city,away,414,Foden,47,M,38.6,38.7
25-26-prem-arsenal-vs-manchester-city,away,736,Donnarumma,25,G,9.4,49.7
25-26-prem-arsenal-vs-manchester-city,away,418,Doku,11,M,49.5,79.9
25-26-prem-arsenal-vs-manchester-city,away,407,Matheus N.,27,D,28.8,21.0
25-26-prem-arsenal-vs-manchester-city,away,406,Khusanov,45,D,33.3,12.8
25-26-prem-arsenal-vs-manchester-city,away,430,Haaland,9,F,58.6,54.0
25-26-prem-arsenal-vs-manchester-city,away,405,Aké,6,D,39.6,64.2
25-26-prem-arsenal-vs-manchester-city,away,409,Stones,5,D,62,47.2
25-26-prem-arsenal-vs-manchester-city,away,427,Reijnders,4,M,47.7,68.3
25-26-prem-arsenal-vs-manchester-city,away,408,R. Dias,3,D,34.3,33.0
25-26-prem-arsenal-vs-manchester-city,away,411,O'Reilly,33,D,35.7,87.4
25-26-prem-arsenal-vs-manchester-city,away,416,B. Silva,20,M,51.6,30.0
25-26-prem-arsenal-vs-manchester-city,away,403,Gvardiol,24,D,32.4,67.5
25-26-prem-arsenal-vs-manchester-city,away,421,Rodri,16,M,44.9,49.2
25-26-prem-brighton-hove-albion-vs-tottenham-hotspur,home,162,Gruda,8,M,40.9,41.7
25-26-prem-brighton-hove-albion-vs-tottenham-hotspur,home,160,Minteh,11,M,55.9,28.3
25-26-prem-brighton-hove-albion-vs-tottenham-hotspur,home,144,Coppola,42,D,16.5,31.8
25-26-prem-brighton-hove-albion-vs-tottenham-hotspur,home,178,Welbeck,18,F,70.7,61.6
25-26-prem-brighton-hove-albion-vs-tottenham-hotspur,home,167,Baleba,17,M,42.9,40.7
25-26-prem-brighton-hove-albion-vs-tottenham-hotspur,home,170,Milner,20,M,50.9,44.0
25-26-prem-brighton-hove-albion-vs-tottenham-hotspur,home,169,D. Gómez,25,M,51.4,39.6
25-26-prem-brighton-hove-albion-vs-tottenham-hotspur,home,173,Wieffer,27,D,72.5,63.7
25-26-prem-brighton-hove-albion-vs-tottenham-hotspur,home,148,F.Kadıoğlu,24,D,41.0,83.0
25-26-prem-brighton-hove-albion-vs-tottenham-hotspur,home,146,Dunk,5,D,23.0,65.1
25-26-prem-brighton-hove-albion-vs-tottenham-hotspur,home,152,Veltman,34,D,41.7,16.1
25-26-prem-brighton-hove-albion-vs-tottenham-hotspur,home,151,Van Hecke,6,D,27.5,34.9
25-26-prem-brighton-hove-albion-vs-tottenham-hotspur,home,139,Verbruggen,1,G,8.4,50.5
25-26-prem-brighton-hove-albion-vs-tottenham-hotspur,home,157,K. Mitoma,22,M,58.7,71.0
25-26-prem-brighton-hove-albion-vs-tottenham-hotspur,home,158,Georginio,10,M,53.2,60.0
25-26-prem-brighton-hove-albion-vs-tottenham-hotspur,home,166,Ayari,26,M,47.6,52.3
25-26-prem-brighton-hove-albion-vs-tottenham-hotspur,away,591,Gray,14,M,59.7,6.7
25-26-prem-brighton-hove-albion-vs-tottenham-hotspur,away,717,Xavi,7,M,58.5,67.1
25-26-prem-brighton-hove-albion-vs-tottenham-hotspur,away,588,Odobert,28,F,68.8,80.5
25-26-prem-brighton-hove-albion-vs-tottenham-hotspur,away,580,Johnson,22,F,63.2,88.2
25-26-prem-brighton-hove-albion-vs-tottenham-hotspur,away,585,Bentancur,30,M,57.7,61.7
25-26-prem-brighton-hove-albion-vs-tottenham-hotspur,away,586,Bergvall,15,M,54.0,30.1
25-26-prem-brighton-hove-albion-vs-tottenham-hotspur,away,569,Romero,17,D,40.3,38.0
25-26-prem-brighton-hove-albion-vs-tottenham-hotspur,away,573,Spence,24,D,32.8,27.4
25-26-prem-brighton-hove-albion-vs-tottenham-hotspur,away,673,J. Palhinha,6,M,51.0,47.7
25-26-prem-brighton-hove-albion-vs-tottenham-hotspur,away,568,P. Porro,23,D,50.2,21.8
25-26-prem-brighton-hove-albion-vs-tottenham-hotspur,away,582,Kudus,20,M,70.3,22.5
25-26-prem-brighton-hove-albion-vs-tottenham-hotspur,away,575,Van de Ven,37,D,40.0,67.4
25-26-prem-brighton-hove-albion-vs-tottenham-hotspur,away,565,Vicario,1,G,13.7,49.6
25-26-prem-brighton-hove-albion-vs-tottenham-hotspur,away,574,Udogie,13,D,49.0,76.0
25-26-prem-brighton-hove-albion-vs-tottenham-hotspur,away,597,Richarlison,9,F,69.8,62.0
25-26-prem-burnley-vs-nottingham-forest,home,187,Walker,2,D,44.1,18.2
25-26-prem-burnley-vs-nottingham-forest,home,207,Hannibal,28,M,51.3,25.6
25-26-prem-burnley-vs-nottingham-forest,home,210,Tchaouna,17,F,63.1,27.3
25-26-prem-burnley-vs-nottingham-forest,home,217,Foster,9,F,59.9,51.2
25-26-prem-burnley-vs-nottingham-forest,home,215,Flemming,19,F,70.4,62.6
25-26-prem-burnley-vs-nottingham-forest,home,190,Ekdal,18,D,35.5,42.5
25-26-prem-burnley-vs-nottingham-forest,home,470,Dúbravka,1,G,9.7,50.1
25-26-prem-burnley-vs-nottingham-forest,home,192,Hartman,3,D,56.8,84.5
25-26-prem-burnley-vs-nottingham-forest,home,722,F. Luís,16,M,45.5,61.9
25-26-prem-burnley-vs-nottingham-forest,home,209,Laurent,29,M,44.9,24.9
25-26-prem-burnley-vs-nottingham-forest,home,191,Estève,5,D,31.6,70.2
25-26-prem-burnley-vs-nottingham-forest,home,200,Anthony,11,M,65.1,74.5
25-26-prem-burnley-vs-nottingham-forest,home,205,Cullen,24,M,46.3,40.2
25-26-prem-burnley-vs-nottingham-forest,away,508,N.Williams,3,D,51.8,16.5
25-26-prem-burnley-vs-nottingham-forest,away,526,I. Jesus,19,F,82.5,50.6
25-26-prem-burnley-vs-nottingham-forest,away,525,Wood,11,F,57.0,51.4
25-26-prem-burnley-vs-nottingham-forest,away,516,Hudson-Odoi,7,M,73.7,76.9
25-26-prem-burnley-vs-nottingham-forest,away,696,Kalimuendo,15,F,82.7,24.4
25-26-prem-burnley-vs-nottingham-forest,away,521,Sangaré,6,M,52.5,49.1
25-26-prem-burnley-vs-nottingham-forest,away,502,Sels,26,G,9.6,46.8
25-26-prem-burnley-vs-nottingham-forest,away,12,Zinchenko,35,D,48.1,80.7
25-26-prem-burnley-vs-nottingham-forest,away,734,Bakwa,29,M,59.3,19.5
25-26-prem-burnley-vs-nottingham-forest,away,669,Ndoye,14,M,65.8,72.8
25-26-prem-burnley-vs-nottingham-forest,away,517,Anderson,8,M,50.8,55.8
25-26-prem-burnley-vs-nottingham-forest,away,511,Morato,,D,35.9,64.5
25-26-prem-burnley-vs-nottingham-forest,away,515,Gibbs-White,10,M,56.9,42.6
25-26-prem-burnley-vs-nottingham-forest,away,699,D. Luiz,12,M,54.5,61.2
25-26-prem-burnley-vs-nottingham-forest,away,505,Milenković,31,D,39.6,37.8
25-26-prem-fulham-vs-brentford,home,338,R. Muniz,9,F,57.1,36.8
25-26-prem-fulham-vs-brentford,home,731,Kevin,22,M,40.2,76.8
25-26-prem-fulham-vs-brentford,home,337,R. Jiménez,7,F,59.5,60.5
25-26-prem-fulham-vs-brentford,home,321,J. Cuenca,15,D,19.8,81.0
25-26-prem-fulham-vs-brentford,home,331,Cairney,10,M,43.8,51.1
25-26-prem-fulham-vs-brentford,home,328,Sessegnon,30,D,49.6,82.4
25-26-prem-fulham-vs-brentford,home,325,Smith Rowe,32,M,51.3,68.9
25-26-prem-fulham-vs-brentford,home,335,J. King,24,M,54.2,56.4
25-26-prem-fulham-vs-brentford,home,332,Lukić,20,M,55.5,28.8
25-26-prem-fulham-vs-brentford,home,329,Wilson,8,M,61.6,19.8
25-26-prem-fulham-vs-brentford,home,330,Berge,16,M,40.6,46.3
25-26-prem-fulham-vs-brentford,home,318,Bassey,3,D,31.5,69.3
25-26-prem-fulham-vs-brentford,home,324,Iwobi,17,M,52.7,74.3
25-26-prem-fulham-vs-brentford,home,314,Leno,1,G,10.4,53.2
25-26-prem-fulham-vs-brentford,home,317,Andersen,5,D,32.0,33.9
25-26-prem-fulham-vs-brentford,home,322,Tete,2,D,43.2,15.9
25-26-prem-fulham-vs-brentford,away,107,Lewis-Potter,23,D,45.3,87.7
25-26-prem-fulham-vs-brentford,away,120,Schade,7,M,71.1,68.0
25-26-prem-fulham-vs-brentford,away,124,Henderson,6,M,44.8,42.6
25-26-prem-fulham-vs-brentford,away,109,Henry,3,D,57.7,78.8
25-26-prem-fulham-vs-brentford,away,108,Ajer,20,D,44.8,24.4
25-26-prem-fulham-vs-brentford,away,83,O.Dango,19,M,81.8,20.6
25-26-prem-fulham-vs-brentford,away,125,Janelt,27,M,53.3,47.6
25-26-prem-fulham-vs-brentford,away,123,F. Carvalho,14,F,38.4,50.1
25-26-prem-fulham-vs-brentford,away,121,Damsgaard,24,M,61.3,60.0
25-26-prem-fulham-vs-brentford,away,111,Pinnock,5,D,33.2,78.0
25-26-prem-fulham-vs-brentford,away,101,Kelleher,1,G,12.9,53.7
25-26-prem-fulham-vs-brentford,away,113,Van den Berg,4,D,34.4,54.5
25-26-prem-fulham-vs-brentford,away,106,Collins,22,D,32.8,49.7
25-26-prem-fulham-vs-brentford,away,110,Kayode,33,D,56.0,25.8
25-26-prem-fulham-vs-brentford,away,136,I. Thiago,9,F,61.5,52.4
25-26-prem-fulham-vs-brentford,away,129,Yarmoliuk,,M,45.3,51.3
25-26-prem-liverpool-vs-everton,home,382,Wirtz,7,M,68.5,58.1
25-26-prem-liverpool-vs-everton,home,381,M.Salah,11,M,61.0,20.1
25-26-prem-liverpool-vs-everton,home,388,C.Jones,17,M,45.3,53.2
25-26-prem-liverpool-vs-everton,home,499,Isak,9,F,58.0,47.7
25-26-prem-liverpool-vs-everton,home,384,Gakpo,18,M,54.6,79.1
25-26-prem-liverpool-vs-everton,home,375,Bradley,12,D,48.3,15.0
25-26-prem-liverpool-vs-everton,home,371,Kerkez,6,D,45.6,80.4
25-26-prem-liverpool-vs-everton,home,373,Virgil,4,D,33.6,67.5
25-26-prem-liverpool-vs-everton,home,366,Alisson,1,G,11.6,46.8
25-26-prem-liverpool-vs-everton,home,661,Ekitiké,22,F,58.6,59.0
25-26-prem-liverpool-vs-everton,home,390,Gravenberch,38,M,43.9,37.6
25-26-prem-liverpool-vs-everton,home,386,Mac Allister,10,M,48.8,61.4
25-26-prem-liverpool-vs-everton,home,387,Szoboszlai,8,M,56.7,24.3
25-26-prem-liverpool-vs-everton,home,374,Konaté,5,D,34.3,35.8
25-26-prem-liverpool-vs-everton,away,311,Beto,9,F,64.3,51.2
25-26-prem-liverpool-vs-everton,away,310,Barry,11,F,65.1,53.3
25-26-prem-liverpool-vs-everton,away,301,C. Alcaraz,24,M,73.9,55.1
25-26-prem-liverpool-vs-everton,away,707,Dibling,20,M,57.0,55.7
25-26-prem-liverpool-vs-everton,away,292,V. Mykolenko,16,D,45.1,82.3
25-26-prem-liverpool-vs-everton,away,295,Keane,5,D,36.3,64.8
25-26-prem-liverpool-vs-everton,away,299,Ndiaye,10,M,55.5,21.4
25-26-prem-liverpool-vs-everton,away,419,Grealish,18,M,65.2,84.1
25-26-prem-liverpool-vs-everton,away,293,O'Brien,15,D,57.2,8.5
25-26-prem-liverpool-vs-everton,away,303,Garner,37,M,49.0,56.5
25-26-prem-liverpool-vs-everton,away,302,Gana,27,M,52.0,53.2
25-26-prem-liverpool-vs-everton,away,287,Pickford,1,G,13.4,54.9
25-26-prem-liverpool-vs-everton,away,242,Dewsbury-Hall,22,M,61.2,53.9
25-26-prem-liverpool-vs-everton,away,291,Tarkowski,6,D,35.1,34.2
25-26-prem-manchester-united-vs-chelsea,home,458,Mainoo,37,M,68.6,74.7
25-26-prem-manchester-united-vs-chelsea,home,455,Mount,7,F,43.1,26.3
25-26-prem-manchester-united-vs-chelsea,home,681,Šeško,30,F,58.8,50.0
25-26-prem-manchester-united-vs-chelsea,home,444,Yoro,15,D,36.2,15.5
25-26-prem-manchester-united-vs-chelsea,home,450,M. Cunha,10,F,54.6,40.1
25-26-prem-manchester-united-vs-chelsea,home,431,Bayindir,1,G,13.2,48.0
25-26-prem-manchester-united-vs-chelsea,home,457,Casemiro,18,M,50.3,52.5
25-26-prem-manchester-united-vs-chelsea,home,459,M. Ugarte,25,M,40.8,45.8
25-26-prem-manchester-united-vs-chelsea,home,449,B. Fernandes,8,M,59.9,57.8
25-26-prem-manchester-united-vs-chelsea,home,119,Mbeumo,19,F,72.6,27.1
25-26-prem-manchester-united-vs-chelsea,home,452,Amad,16,F,58.7,47.8
25-26-prem-manchester-united-vs-chelsea,home,438,Mazraoui,3,D,52.6,21.1
25-26-prem-manchester-united-vs-chelsea,home,436,De Ligt,4,D,43.6,34.7
25-26-prem-manchester-united-vs-chelsea,home,442,Maguire,5,D,43.7,49.1
25-26-prem-manchester-united-vs-chelsea,home,441,Dorgu,13,M,56.4,86.3
25-26-prem-manchester-united-vs-chelsea,home,443,Shaw,23,D,40.9,74.1
25-26-prem-manchester-united-vs-chelsea,away,243,George,32,F,62.5,57.8
25-26-prem-manchester-united-vs-chelsea,away,238,Estêvão,41,M,44.2,93.3
25-26-prem-manchester-united-vs-chelsea,away,230,Fofana,29,D,35.4,26.1
25-26-prem-manchester-united-vs-chelsea,away,235,Palmer,10,M,45.4,67.2
25-26-prem-manchester-united-vs-chelsea,away,236,P. Neto,7,M,19.8,9.5
25-26-prem-manchester-united-vs-chelsea,away,221,F. Jørgensen,12,G,10.6,53.0
25-26-prem-manchester-united-vs-chelsea,away,228,Gusto,27,D,54.6,78.4
25-26-prem-manchester-united-vs-chelsea,away,226,Chalobah,23,D,37.1,68.0
25-26-prem-manchester-united-vs-chelsea,away,249,J. Pedro,20,F,61.5,49.1
25-26-prem-manchester-united-vs-chelsea,away,225,James,24,D,53.1,16.7
25-26-prem-manchester-united-vs-chelsea,away,241,M. Caicedo,25,M,42.7,51.7
25-26-prem-manchester-united-vs-chelsea,away,220,R. Sánchez,1,G,11.8,50.5
25-26-prem-manchester-united-vs-chelsea,away,232,Tosin,4,D,34.2,43.1
25-26-prem-manchester-united-vs-chelsea,away,237,Enzo,8,M,53.1,29.4
25-26-prem-manchester-united-vs-chelsea,away,224,M. Cucurella,3,D,39.8,84.5
25-26-prem-manchester-united-vs-chelsea,away,246,A. Santos,17,M,46.7,62.8
25-26-prem-sunderland-vs-aston-villa,home,724,Geertruida,6,D,27.3,36.0
25-26-prem-sunderland-vs-aston-villa,home,678,Masuaku,26,D,31.2,84.3
25-26-prem-sunderland-vs-aston-villa,home,541,Reinildo,17,D,47.3,82.6
25-26-prem-sunderland-vs-aston-villa,home,531,Ballard,5,D,54.5,47.2
25-26-prem-sunderland-vs-aston-villa,home,551,Rigg,11,M,56.2,25.3
25-26-prem-sunderland-vs-aston-villa,home,553,Talbi,7,M,51.9,48.5
25-26-prem-sunderland-vs-aston-villa,home,560,Isidor,18,F,66.1,56.9
25-26-prem-sunderland-vs-aston-villa,home,552,Sadiki,27,M,48.1,62.3
25-26-prem-sunderland-vs-aston-villa,home,670,Roefs,22,G,10.6,46.7
25-26-prem-sunderland-vs-aston-villa,home,547,E.Le Fée,28,M,46.7,48.1
25-26-prem-sunderland-vs-aston-villa,home,549,Neil,4,M,31.2,32.1
25-26-prem-sunderland-vs-aston-villa,home,532,Hume,32,D,43.2,22.0
25-26-prem-sunderland-vs-aston-villa,home,561,E. Mayenda,12,F,45.4,44.2
25-26-prem-sunderland-vs-aston-villa,home,668,Xhaka,34,M,50.4,36.8
25-26-prem-sunderland-vs-aston-villa,home,683,Alderete,15,D,37.6,63.8
25-26-prem-sunderland-vs-aston-villa,home,694,Mukiele,20,D,39.9,37.0
25-26-prem-sunderland-vs-aston-villa,away,677,Guessand,29,F,54.9,20.6
25-26-prem-sunderland-vs-aston-villa,away,53,Malen,17,F,78.6,43.5
25-26-prem-sunderland-vs-aston-villa,away,64,Watkins,11,F,65.9,68.5
25-26-prem-sunderland-vs-aston-villa,away,32,E. Martínez,23,G,8.4,51.2
25-26-prem-sunderland-vs-aston-villa,away,37,Digne,12,D,55.9,90.2
25-26-prem-sunderland-vs-aston-villa,away,50,E. Buendía,10,M,57.2,79.4
25-26-prem-sunderland-vs-aston-villa,away,44,Bogarde,26,M,56.4,55.0
25-26-prem-sunderland-vs-aston-villa,away,389,Elliott,9,M,67.1,31.0
25-26-prem-sunderland-vs-aston-villa,away,456,Sancho,19,M,83.6,88.3
25-26-prem-sunderland-vs-aston-villa,away,39,Maatsen,22,D,59.6,82.8
25-26-prem-sunderland-vs-aston-villa,away,36,Cash,2,D,54.6,14.2
25-26-prem-sunderland-vs-aston-villa,away,58,Kamara,44,M,51.7,49.8
25-26-prem-sunderland-vs-aston-villa,away,54,McGinn,7,M,57.5,56.8
25-26-prem-sunderland-vs-aston-villa,away,47,Rogers,27,M,62.9,58.6
25-26-prem-sunderland-vs-aston-villa,away,38,E. Konsa,4,D,41.0,39.5
25-26-prem-sunderland-vs-aston-villa,away,40,Mings,5,D,36.6,69.2
25-26-prem-west-ham-united-vs-crystal-palace,home,619,L. Guilherme,,F,63.3,73.0
25-26-prem-west-ham-united-vs-crystal-palace,home,615,Summerville,7,M,62.9,76.5
25-26-prem-west-ham-united-vs-crystal-palace,home,708,M. Fernandes,18,M,53.4,42.7
25-26-prem-west-ham-united-vs-crystal-palace,home,671,Wilson,9,F,63.2,46.9
25-26-prem-west-ham-united-vs-crystal-palace,home,625,Füllkrug,11,F,71.5,46.2
25-26-prem-west-ham-united-vs-crystal-palace,home,624,Bowen,20,M,69.7,22.8
25-26-prem-west-ham-united-vs-crystal-palace,home,718,S.Magassa,27,M,53.1,70.9
25-26-prem-west-ham-united-vs-crystal-palace,home,659,Walker-Peters,2,D,49.9,11.9
25-26-prem-west-ham-united-vs-crystal-palace,home,600,Areola,23,G,11.7,48.4
25-26-prem-west-ham-united-vs-crystal-palace,home,614,Ward-Prowse,8,M,54.3,44.9
25-26-prem-west-ham-united-vs-crystal-palace,home,606,Mavropanos,15,D,36.1,37.3
25-26-prem-west-ham-united-vs-crystal-palace,home,605,M. Kilman,3,D,35.2,69.2
25-26-prem-west-ham-united-vs-crystal-palace,home,612,L. Paquetá,10,M,58.2,47.4
25-26-prem-west-ham-united-vs-crystal-palace,home,603,Diouf,12,D,54.3,78.5
25-26-prem-west-ham-united-vs-crystal-palace,away,276,Devenny,55,M,54.2,40.7
25-26-prem-west-ham-united-vs-crystal-palace,away,283,Mateta,14,F,54.5,45.4
25-26-prem-west-ham-united-vs-crystal-palace,away,257,Lacroix,5,D,33.0,48.9
25-26-prem-west-ham-united-vs-crystal-palace,away,284,Nketiah,9,F,57.8,67.8
25-26-prem-west-ham-united-vs-crystal-palace,away,270,Hughes,19,M,46.6,54.0
25-26-prem-west-ham-united-vs-crystal-palace,away,272,J. Lerma,8,M,42.9,52.0
25-26-prem-west-ham-united-vs-crystal-palace,away,712,Y. Pino,10,F,60.5,63.9
25-26-prem-west-ham-united-vs-crystal-palace,away,253,Henderson,1,G,10.0,50.6
25-26-prem-west-ham-united-vs-crystal-palace,away,273,Wharton,20,M,47.5,35.9
25-26-prem-west-ham-united-vs-crystal-palace,away,256,D. Muñoz,2,M,51.3,18.5
25-26-prem-west-ham-united-vs-crystal-palace,away,261,Richards,26,D,34.1,28.3
25-26-prem-west-ham-united-vs-crystal-palace,away,260,Guéhi,6,D,38.9,76.2
25-26-prem-west-ham-united-vs-crystal-palace,away,258,Mitchell,3,M,48.7,84.9
25-26-prem-west-ham-united-vs-crystal-palace,away,271,Kamada,18,M,60.2,53.4
25-26-prem-wolverhampton-wanderers-vs-leeds-united,home,663,J.Arias,10,M,76.5,61.7
25-26-prem-wolverhampton-wanderers-vs-leeds-united,home,628,J. Sá,1,G,12.3,44.3
25-26-prem-wolverhampton-wanderers-vs-leeds-united,home,635,R. Gomes,21,M,57.5,84.7
25-26-prem-wolverhampton-wanderers-vs-leeds-united,home,648,Munetsi,5,M,72.3,45.5
25-26-prem-wolverhampton-wanderers-vs-leeds-united,home,644,Bellegarde,,M,60.4,56.9
25-26-prem-wolverhampton-wanderers-vs-leeds-united,home,720,Tolu,14,F,68.6,58.4
25-26-prem-wolverhampton-wanderers-vs-leeds-united,home,654,Strand Larsen,,F,73.0,58.0
25-26-prem-wolverhampton-wanderers-vs-leeds-united,home,633,H. Bueno,3,D,66.7,86.1
25-26-prem-wolverhampton-wanderers-vs-leeds-united,home,645,F. López,28,M,55.4,30.6
25-26-prem-wolverhampton-wanderers-vs-leeds-united,home,631,Agbadou,12,D,49.4,24.1
25-26-prem-wolverhampton-wanderers-vs-leeds-united,home,634,Y. Mosquera,15,D,35.8,48.2
25-26-prem-wolverhampton-wanderers-vs-leeds-united,home,643,André,7,M,53.3,47.7
25-26-prem-wolverhampton-wanderers-vs-leeds-united,home,646,J. Gomes,8,M,48.3,51.6
25-26-prem-wolverhampton-wanderers-vs-leeds-united,home,637,Toti,24,D,42.4,70.8
25-26-prem-wolverhampton-wanderers-vs-leeds-united,home,709,Krejčí,37,D,47.9,68.4
25-26-prem-wolverhampton-wanderers-vs-leeds-united,home,695,Tchatchoua,38,M,60.5,14.2
25-26-prem-wolverhampton-wanderers-vs-leeds-united,away,698,Okafor,19,F,55.5,79.3
25-26-prem-wolverhampton-wanderers-vs-leeds-united,away,352,Harrison,20,F,33.4,86.0
25-26-prem-wolverhampton-wanderers-vs-leeds-united,away,365,Nmecha,14,F,13.8,65.2
25-26-prem-wolverhampton-wanderers-vs-leeds-united,away,348,Rodon,6,D,31.6,35.8
25-26-prem-wolverhampton-wanderers-vs-leeds-united,away,343,Struijk,5,D,33.5,69.0
25-26-prem-wolverhampton-wanderers-vs-leeds-united,away,493,Longstaff,8,M,46.1,37.1
25-26-prem-wolverhampton-wanderers-vs-leeds-united,away,358,A. Tanaka,22,M,48.1,40.2
25-26-prem-wolverhampton-wanderers-vs-leeds-united,away,706,Justin,24,D,10.5,34.0
25-26-prem-wolverhampton-wanderers-vs-leeds-united,away,691,Calvert-Lewin,9,F,64.1,49.1
25-26-prem-wolverhampton-wanderers-vs-leeds-united,away,342,Bogle,2,D,37.6,16.6
25-26-prem-wolverhampton-wanderers-vs-leeds-united,away,341,Darlow,26,G,9.2,47.9
25-26-prem-wolverhampton-wanderers-vs-leeds-united,away,347,Gudmundsson,3,D,40.2,82.4
25-26-prem-wolverhampton-wanderers-vs-leeds-united,away,356,Gruev,44,M,54.3,41.1
25-26-prem-wolverhampton-wanderers-vs-leeds-united,away,354,Ampadu,4,M,40.7,54.2
25-26-prem-wolverhampton-wanderers-vs-leeds-united,away,660,Stach,18,M,52.6,67.5
25-26-prem-wolverhampton-wanderers-vs-leeds-united,away,350,Aaronson,11,M,50.8,21.2
