match_id,shot_index,minute,added_time,is_home,player_id,player_name,outcome,situation,body_part,xg,xgot,start_x,start_y,goal_mouth_y,goal_mouth_z,goal_mouth_location
25-26-champions-league-arsenal-vs-slavia-prague,1,90,,False,,,save,assisted,left-foot,0.0208,0.1209,19.5,66.9,50.8,18.4,low-centre
25-26-champions-league-arsenal-vs-slavia-prague,2,84,,False,,,block,assisted,left-foot,0.0578,,11.6,59.1,50.5,19,low-centre
25-26-champions-league-arsenal-vs-slavia-prague,3,68,,True,,,goal,set-piece,head,0.0954,0.2302,7.4,56.7,46.7,7.6,low-right
25-26-champions-league-arsenal-vs-slavia-prague,4,60,,False,,,block,assisted,left-foot,0.0929,,11.9,51.1,52.2,19,low-left
25-26-champions-league-arsenal-vs-slavia-prague,5,60,,True,16,Saka,save,assisted,right-foot,0.0427,0.2437,13.2,64.8,53,5.1,low-left
25-26-champions-league-arsenal-vs-slavia-prague,6,52,,False,,,miss,regular,right-foot,0.0644,,15.1,52.8,4.2,6.9,right
25-26-champions-league-arsenal-vs-slavia-prague,7,46,,True,,,goal,assisted,left-foot,0.4568,0.8808,7.3,47.2,53.7,13.9,low-left
25-26-champions-league-arsenal-vs-slavia-prague,8,45,,False,,,miss,throw-in-set-piece,right-foot,0.0109,,10.5,80.5,49.6,86.1,high
25-26-champions-league-arsenal-vs-slavia-prague,9,41,,True,25,Nwaneri,block,corner,left-foot,0.0316,,12.6,61.7,53.3,19,low-left
25-26-champions-league-arsenal-vs-slavia-prague,10,40,,True,16,Saka,block,corner,left-foot,0.0084,,15.5,73.9,52.1,19,low-left
25-26-champions-league-arsenal-vs-slavia-prague,11,40,,True,20,Trossard,block,corner,right-foot,0.0361,,9.4,59.1,51,19,low-centre
25-26-champions-league-arsenal-vs-slavia-prague,12,32,,True,16,Saka,goal,penalty,left-foot,0.7884,0.7997,11.5,50,46.5,4.4,low-right
25-26-champions-league-arsenal-vs-slavia-prague,13,29,,True,,,block,corner,other,0.0981,,3,57.5,50,19,low-centre
25-26-champions-league-arsenal-vs-slavia-prague,14,28,,True,16,Saka,save,assisted,left-foot,0.0168,0.0412,9.8,72.8,47.2,5.1,low-right
25-26-champions-league-arsenal-vs-slavia-prague,15,26,,True,20,Trossard,miss,corner,right-foot,0.0793,,2.1,41.1,54.5,58.3,close-high
25-26-champions-league-arsenal-vs-slavia-prague,16,25,,True,20,Trossard,save,corner,right-foot,0.0774,0.1702,1.9,40.9,53.4,14.6,low-left
25-26-champions-league-arsenal-vs-slavia-prague,17,25,,True,16,Saka,save,assisted,left-foot,0.0373,0.0769,5.1,31.1,52.8,17.7,low-left
25-26-champions-league-arsenal-vs-slavia-prague,18,20,,True,16,Saka,save,fast-break,left-foot,0.0265,0.08,25.9,71.6,53.5,6.3,low-left
25-26-champions-league-arsenal-vs-slavia-prague,19,11,,False,,,miss,throw-in-set-piece,left-foot,0.0541,,13.6,64,99.5,5.6,left
25-26-champions-league-arsenal-vs-slavia-prague,20,8,,False,,,miss,assisted,left-foot,0.0343,,28.5,45.4,38.7,12.5,right
25-26-champions-league-arsenal-vs-slavia-prague,21,5,,False,,,block,assisted,right-foot,0.104,,13,57.9,50.3,19,low-centre
25-26-champions-league-arsenal-vs-slavia-prague,22,2,,False,,,miss,assisted,right-foot,0.0347,,15.6,72.4,62.2,2.8,left
25-26-champions-league-arsenal-vs-slavia-prague,23,1,,True,,,miss,throw-in-set-piece,left-foot,0.0088,,20.7,72,43.7,33.3,close-right
25-26-champions-league-athletic-club-vs-newcastle-united,1,90,,True,,,save,assisted,left-foot,0.1284,0.6182,12,41.1,53.9,6.3,low-left
25-26-champions-league-athletic-club-vs-newcastle-united,2,88,,True,,,miss,corner,other,0.0263,,10.8,47,63.2,73.6,high-left
25-26-champions-league-athletic-club-vs-newcastle-united,3,87,,True,,,save,assisted,left-foot,0.0544,0.2484,13.9,29.7,45.8,11.4,low-right
25-26-champions-league-athletic-club-vs-newcastle-united,4,87,,True,,,block,assisted,right-foot,0.07,,8.4,66.7,47.8,19,low-right
25-26-champions-league-athletic-club-vs-newcastle-united,5,85,,True,,,miss,assisted,head,0.0604,,10.5,48.7,63.9,9.7,left
25-26-champions-league-athletic-club-vs-newcastle-united,6,83,,False,486,Elanga,block,assisted,right-foot,0.1571,,3.9,42.4,54.3,19,low-left
25-26-champions-league-athletic-club-vs-newcastle-united,7,81,,True,,,save,regular,left-foot,0.0244,0.0945,23.8,62.2,50.6,25.9,high-centre
25-26-champions-league-athletic-club-vs-newcastle-united,8,73,,True,,,save,assisted,left-foot,0.0117,0.0498,30,38,53.3,8.9,low-left
25-26-champions-league-athletic-club-vs-newcastle-united,9,56,,False,476,Burn,miss,assisted,left-foot,0.0586,,6.9,29.3,58.2,34.7,close-left
25-26-champions-league-athletic-club-vs-newcastle-united,10,54,,False,475,Botman,save,corner,head,0.1541,0.0657,7.9,49.5,50.3,31.6,high-centre
25-26-champions-league-athletic-club-vs-newcastle-united,11,49,,False,,,goal,assisted,head,0.2832,0.4474,8.2,47.2,52.3,25.3,high-left
25-26-champions-league-athletic-club-vs-newcastle-united,12,48,,False,487,Barnes,block,assisted,right-foot,0.0424,,19.7,30.9,50.5,19,low-centre
25-26-champions-league-athletic-club-vs-newcastle-united,13,47,,True,,,miss,assisted,left-foot,0.0406,,26,49.9,42.4,1.4,close-right
25-26-champions-league-athletic-club-vs-newcastle-united,14,42,,False,,,save,regular,right-foot,0.2346,0.2338,14.3,33.6,49.2,4.4,low-centre
25-26-champions-league-athletic-club-vs-newcastle-united,15,29,,False,714,Woltemade,miss,regular,head,0.2401,,8,51.7,68.4,8.3,left
25-26-champions-league-athletic-club-vs-newcastle-united,16,19,,True,,,post,corner,left-foot,0.0195,,22,35.2,55.5,22.2,left
25-26-champions-league-athletic-club-vs-newcastle-united,17,18,,True,,,block,fast-break,right-foot,0.0663,,5.1,65.8,50.5,19,low-centre
25-26-champions-league-athletic-club-vs-newcastle-united,18,11,,False,476,Burn,goal,set-piece,head,0.0277,0.1585,11.7,34.2,45.4,20.3,high-right
25-26-champions-league-athletic-club-vs-newcastle-united,19,10,,True,,,block,assisted,right-foot,0.0407,,22.5,63.2,51.2,19,low-centre
25-26-champions-league-athletic-club-vs-newcastle-united,20,7,,True,,,save,corner,head,0.0332,0.0256,8.2,41.3,51,20.9,high-centre
25-26-champions-league-borussia-dortmund-vs-manchester-city,1,90,,False,417,Cherki,goal,regular,right-foot,0.1448,0.7079,14,50.4,46.8,4.4,low-right
25-26-champions-league-borussia-dortmund-vs-manchester-city,2,77,,True,,,save,corner,head,0.0138,0.0698,5.4,67.9,48.4,27.8,high-centre
25-26-champions-league-borussia-dortmund-vs-manchester-city,3,77,,True,,,block,assisted,right-foot,0.2571,,10.7,52.4,49.8,19,low-centre
25-26-champions-league-borussia-dortmund-vs-manchester-city,4,75,,True,,,miss,assisted,right-foot,0.0859,,7,61.5,46.9,77.8,high
25-26-champions-league-borussia-dortmund-vs-manchester-city,5,72,,True,,,goal,set-piece,left-foot,0.2198,0.6706,8.9,54.5,46.6,15.2,low-right
25-26-champions-league-borussia-dortmund-vs-manchester-city,6,68,,True,,,miss,assisted,left-foot,0.0498,,21.4,53.6,41.8,6.9,close-right
25-26-champions-league-borussia-dortmund-vs-manchester-city,7,65,,True,,,save,assisted,right-foot,0.0781,0.2265,6.1,68.3,47.4,22.8,high-right
25-26-champions-league-borussia-dortmund-vs-manchester-city,8,64,,True,,,block,regular,left-foot,0.0482,,22.2,47,52.4,19,low-left
25-26-champions-league-borussia-dortmund-vs-manchester-city,9,62,,False,,,miss,regular,left-foot,0.0804,,10.7,64.2,66.6,73.6,high-left
25-26-champions-league-borussia-dortmund-vs-manchester-city,10,60,,False,,,block,fast-break,right-foot,0.0286,,12.3,70.8,53.6,19,low-left
25-26-champions-league-borussia-dortmund-vs-manchester-city,11,57,,False,414,Foden,goal,assisted,left-foot,0.0941,0.8822,18.5,56.3,53.9,3.8,low-left
25-26-champions-league-borussia-dortmund-vs-manchester-city,12,55,,False,430,Haaland,save,assisted,left-foot,0.0451,0.0202,12,31.8,49.5,9.5,low-centre
25-26-champions-league-borussia-dortmund-vs-manchester-city,13,53,,False,411,O'Reilly,miss,corner,head,0.1307,,4.4,55.5,41.5,91.7,high-right
25-26-champions-league-borussia-dortmund-vs-manchester-city,14,47,,True,,,miss,regular,right-foot,0.0442,,15.2,34,33.1,12.5,right
25-26-champions-league-borussia-dortmund-vs-manchester-city,15,46,,False,,,save,assisted,right-foot,0.0303,0.0738,10.2,68.2,52.6,7,low-left
25-26-champions-league-borussia-dortmund-vs-manchester-city,16,45,,True,,,miss,assisted,right-foot,0.0253,,25.4,55.2,40.7,100,high-right
25-26-champions-league-borussia-dortmund-vs-manchester-city,17,44,,False,430,Haaland,save,assisted,left-foot,0.0474,0.0602,20.6,39.8,52,2.5,low-left
25-26-champions-league-borussia-dortmund-vs-manchester-city,18,42,,True,,,block,assisted,left-foot,0.1345,,7.5,45.4,52,19,low-left
25-26-champions-league-borussia-dortmund-vs-manchester-city,19,39,,True,,,save,assisted,left-foot,0.0329,0.0478,13.1,72.1,52.2,5.1,low-left
25-26-champions-league-borussia-dortmund-vs-manchester-city,20,39,,False,,,miss,corner,head,0.1471,,8.5,48.4,30.1,19.4,right
25-26-champions-league-borussia-dortmund-vs-manchester-city,21,33,,False,430,Haaland,miss,regular,head,0.3528,,6.4,44.6,59.8,77.8,high-left
25-26-champions-league-borussia-dortmund-vs-manchester-city,22,33,,False,427,Reijnders,save,regular,right-foot,0.0299,0.1459,15.9,68.2,51.9,21.5,high-left
25-26-champions-league-borussia-dortmund-vs-manchester-city,23,29,,False,430,Haaland,goal,assisted,left-foot,0.3496,0.3328,10.5,53.6,48.2,19,low-centre
25-26-champions-league-borussia-dortmund-vs-manchester-city,24,28,,False,411,O'Reilly,save,assisted,left-foot,0.3203,0.5847,12.8,51.5,51.2,28.5,high-centre
25-26-champions-league-borussia-dortmund-vs-manchester-city,25,22,,False,414,Foden,goal,assisted,left-foot,0.0402,0.4397,23.1,62.7,53.9,2.5,low-left
25-26-champions-league-borussia-dortmund-vs-manchester-city,26,19,,False,,,block,assisted,right-foot,0.0281,,25.8,36.8,47.6,19,low-right
25-26-champions-league-borussia-dortmund-vs-manchester-city,27,17,,False,427,Reijnders,miss,corner,left-foot,0.0242,,15.7,36.3,11.8,30.6,right
25-26-champions-league-borussia-dortmund-vs-manchester-city,28,16,,False,414,Foden,save,free-kick,left-foot,0.0326,0.0522,25.2,70.3,51.9,17.1,low-left
25-26-champions-league-borussia-dortmund-vs-manchester-city,29,10,,False,414,Foden,save,assisted,left-foot,0.0597,0.0951,20.3,49.6,51.4,24.1,high-centre
25-26-champions-league-borussia-dortmund-vs-manchester-city,30,6,,True,,,miss,throw-in-set-piece,left-foot,0.0352,,15.6,37.2,40.8,6.9,close-right
25-26-champions-league-chelsea-vs-qarabag-fk,1,90,,True,,,save,assisted,right-foot,0.0726,0.189,6.6,34,53.6,10.1,low-left
25-26-champions-league-chelsea-vs-qarabag-fk,2,90,,False,,,save,assisted,left-foot,0.3238,0.3156,8.8,46.1,50.3,20.3,high-centre
25-26-champions-league-chelsea-vs-qarabag-fk,3,88,,True,237,Enzo,block,assisted,right-foot,0.1036,,12.3,62.2,50.5,19,low-centre
25-26-champions-league-chelsea-vs-qarabag-fk,4,85,,True,168,Buonanotte,miss,corner,left-foot,0.032,,25.4,50,40.7,18.1,right
25-26-champions-league-chelsea-vs-qarabag-fk,5,82,,True,,,miss,assisted,right-foot,0.0519,,9.3,64.9,48.1,80.6,high
25-26-champions-league-chelsea-vs-qarabag-fk,6,78,,True,237,Enzo,miss,fast-break,right-foot,0.0323,,21.2,68.1,53.6,52.8,close-high
25-26-champions-league-chelsea-vs-qarabag-fk,7,78,,False,,,block,assisted,right-foot,0.0126,,26.3,35.4,52.3,20.8,high-left
25-26-champions-league-chelsea-vs-qarabag-fk,8,77,,True,,,miss,corner,left-foot,0.0296,,15.1,67.1,100,5.6,left
25-26-champions-league-chelsea-vs-qarabag-fk,9,72,,True,,,block,assisted,left-foot,0.1056,,18.9,50.8,50,19,low-centre
25-26-champions-league-chelsea-vs-qarabag-fk,10,69,,True,250,Delap,miss,assisted,right-foot,0.0464,,11.5,72,62,5.6,left
25-26-champions-league-chelsea-vs-qarabag-fk,11,64,,False,,,miss,assisted,left-foot,0.0487,,26,42.7,42.7,8.3,close-right
25-26-champions-league-chelsea-vs-qarabag-fk,12,55,,True,237,Enzo,save,assisted,right-foot,0.1167,0.5098,12,60.2,47.4,27.8,high-right
25-26-champions-league-chelsea-vs-qarabag-fk,13,53,,True,,,goal,fast-break,left-foot,0.1431,0.7959,12,36,45.7,5.1,low-right
25-26-champions-league-chelsea-vs-qarabag-fk,14,51,,False,,,block,regular,left-foot,0.0279,,12,33,51.1,19,low-centre
25-26-champions-league-chelsea-vs-qarabag-fk,15,45,,True,,,block,assisted,right-foot,0.0589,,14,30.6,46.2,19,low-right
25-26-champions-league-chelsea-vs-qarabag-fk,16,45,,True,243,George,block,assisted,right-foot,0.0454,,20.9,38.5,47.4,16.7,low-right
25-26-champions-league-chelsea-vs-qarabag-fk,17,39,,False,,,goal,penalty,left-foot,0.7884,0.8449,11.5,50,54.2,7,low-left
25-26-champions-league-chelsea-vs-qarabag-fk,18,36,,False,,,miss,assisted,left-foot,0.1412,,8.8,31.5,53.8,63.9,high
25-26-champions-league-chelsea-vs-qarabag-fk,19,35,,True,,,miss,regular,left-foot,0.0541,,9.5,31.7,57,19.4,close-left
25-26-champions-league-chelsea-vs-qarabag-fk,20,29,,False,,,goal,regular,right-foot,0.097,0.6615,10.2,64,54.2,9.5,low-left
25-26-champions-league-chelsea-vs-qarabag-fk,21,29,,False,,,post,regular,left-foot,0.3735,,12.1,53.9,44.6,2.5,right
25-26-champions-league-chelsea-vs-qarabag-fk,22,16,,True,,,goal,assisted,left-foot,0.1206,0.2239,10.5,63,45.9,3.2,low-right
25-26-champions-league-chelsea-vs-qarabag-fk,23,11,,True,,,miss,assisted,right-foot,0.2056,,8.8,43.3,58.2,11.1,close-left
25-26-champions-league-chelsea-vs-qarabag-fk,24,8,,True,,,miss,corner,right-foot,0.0461,,18.6,50.5,50.3,69.4,high
25-26-champions-league-chelsea-vs-qarabag-fk,25,7,,False,,,block,assisted,left-foot,0.0278,,14.5,65.7,52.8,16.7,low-left
25-26-champions-league-fc-københavn-vs-tottenham-hotspur,1,90,,True,,,miss,set-piece,head,0.0254,,12,50.7,55.3,69.4,high
25-26-champions-league-fc-københavn-vs-tottenham-hotspur,2,90,,False,,,post,penalty,right-foot,0.7884,,11.5,50,53,38.6,high
25-26-champions-league-fc-københavn-vs-tottenham-hotspur,3,88,,True,,,miss,assisted,right-foot,0.0286,,12.2,31.7,0.8,8.3,right
25-26-champions-league-fc-københavn-vs-tottenham-hotspur,4,85,,False,,,miss,assisted,head,0.0547,,10.7,51.3,57.6,12.5,close-left
25-26-champions-league-fc-københavn-vs-tottenham-hotspur,5,83,,False,,,post,assisted,head,0.1355,,4.7,43.9,52.4,39.9,high
25-26-champions-league-fc-københavn-vs-tottenham-hotspur,6,82,,True,,,miss,assisted,right-foot,0.0195,,16.2,69.2,44.2,68.1,high
25-26-champions-league-fc-københavn-vs-tottenham-hotspur,7,81,,True,,,save,assisted,right-foot,0.0279,0.0424,20.4,32.5,52.7,3.8,low-left
25-26-champions-league-fc-københavn-vs-tottenham-hotspur,8,74,,True,,,miss,corner,right-foot,0.0127,,24.3,40.7,27.9,8.3,right
25-26-champions-league-fc-københavn-vs-tottenham-hotspur,9,69,,False,726,Kolo Muani,save,fast-break,right-foot,0.1728,0.3616,7.3,58.1,51,0.6,low-centre
25-26-champions-league-fc-københavn-vs-tottenham-hotspur,10,67,,False,,,goal,fast-break,right-foot,0.7443,0.5379,8.2,55.4,47.9,17.7,low-right
25-26-champions-league-fc-københavn-vs-tottenham-hotspur,11,64,,False,575,Van de Ven,goal,fast-break,left-foot,0.1285,0.2437,14.5,33.8,52.5,7,low-left
25-26-champions-league-fc-københavn-vs-tottenham-hotspur,12,54,,True,,,save,assisted,right-foot,0.0377,0.6768,12.1,30.3,45.5,7.6,low-right
25-26-champions-league-fc-københavn-vs-tottenham-hotspur,13,51,,False,588,Odobert,goal,assisted,right-foot,0.2592,0.6304,12,42.9,48.4,1.9,low-centre
25-26-champions-league-fc-københavn-vs-tottenham-hotspur,14,45,,False,726,Kolo Muani,miss,assisted,head,0.2397,,8.2,47.2,49.2,59.7,close-high
25-26-champions-league-fc-københavn-vs-tottenham-hotspur,15,40,,False,726,Kolo Muani,miss,assisted,right-foot,0.1245,,10.1,49.1,56.5,2.8,close-left
25-26-champions-league-fc-københavn-vs-tottenham-hotspur,16,38,,True,,,miss,fast-break,right-foot,0.0159,,27.7,26.8,47.9,65.3,high
25-26-champions-league-fc-københavn-vs-tottenham-hotspur,17,32,,True,,,miss,assisted,right-foot,0.0154,,29,69.5,64.2,5.6,left
25-26-champions-league-fc-københavn-vs-tottenham-hotspur,18,31,,True,,,block,assisted,left-foot,0.0214,,26.6,63.2,48.3,19,low-centre
25-26-champions-league-fc-københavn-vs-tottenham-hotspur,19,29,,True,,,save,throw-in-set-piece,left-foot,0.0658,0.511,12,58.5,46.3,7,low-right
25-26-champions-league-fc-københavn-vs-tottenham-hotspur,20,29,,True,,,block,throw-in-set-piece,right-foot,0.0472,,13.2,61.9,51.2,19,low-centre
25-26-champions-league-fc-københavn-vs-tottenham-hotspur,21,27,,False,593,P.M.Sarr,miss,corner,head,0.0293,,11.8,44.5,48.7,73.6,high
25-26-champions-league-fc-københavn-vs-tottenham-hotspur,22,19,,False,580,Johnson,goal,fast-break,right-foot,0.5493,0.9895,10.7,82.6,52.6,0.6,low-left
25-26-champions-league-fc-københavn-vs-tottenham-hotspur,23,17,,False,574,Udogie,save,assisted,left-foot,0.0218,0.0498,12.5,29.1,53.2,11.4,low-left
25-26-champions-league-fc-københavn-vs-tottenham-hotspur,24,16,,False,,,miss,free-kick,right-foot,0.0342,,29.3,52.3,54.5,54.2,close-high
25-26-champions-league-fc-københavn-vs-tottenham-hotspur,25,7,,False,717,Xavi,block,assisted,right-foot,0.0394,,23.7,64,49.1,19,low-centre
25-26-champions-league-fc-københavn-vs-tottenham-hotspur,26,6,,True,,,save,corner,left-foot,0.0343,0.0143,19.2,60.7,50,8.9,low-centre
25-26-champions-league-real-madrid-vs-liverpool,1,87,,False,381,M.Salah,block,fast-break,left-foot,0.1934,,8.9,52,48.1,19,low-right
25-26-champions-league-real-madrid-vs-liverpool,2,87,,False,384,Gakpo,save,fast-break,right-foot,0.729,0.2722,4.3,51.7,49.4,15.2,low-centre
25-26-champions-league-real-madrid-vs-liverpool,3,85,,False,381,M.Salah,block,regular,left-foot,0.0817,,13.6,65.5,47.7,19,low-right
25-26-champions-league-real-madrid-vs-liverpool,4,75,,True,,,miss,assisted,right-foot,0.1071,,15.4,40.8,40.3,31.9,right
25-26-champions-league-real-madrid-vs-liverpool,5,75,,True,,,block,assisted,right-foot,0.0199,,20.6,34.7,46.2,19,low-right
25-26-champions-league-real-madrid-vs-liverpool,6,61,,False,386,Mac Allister,goal,set-piece,head,0.3364,0.2948,7.1,50.8,49.8,30.4,high-centre
25-26-champions-league-real-madrid-vs-liverpool,7,59,,True,,,miss,assisted,left-foot,0.0247,,8.6,30.6,29.2,6.9,right
25-26-champions-league-real-madrid-vs-liverpool,8,52,,False,387,Szoboszlai,save,free-kick,right-foot,0.0488,0.1185,22.5,30.3,51.5,34.2,high-centre
25-26-champions-league-real-madrid-vs-liverpool,9,49,,False,661,Ekitiké,miss,corner,head,0.0808,,7.7,47.9,57,29.2,close-left
25-26-champions-league-real-madrid-vs-liverpool,10,48,,False,661,Ekitiké,save,corner,head,0.0621,0.3022,7.8,45.5,48,35.4,high-right
25-26-champions-league-real-madrid-vs-liverpool,11,47,,False,373,Virgil,save,corner,head,0.2638,0.3371,4.2,48.2,50.3,24.7,high-centre
25-26-champions-league-real-madrid-vs-liverpool,12,45,,False,386,Mac Allister,save,set-piece,right-foot,0.0158,0.0284,25.7,39.9,51.3,1.9,low-centre
25-26-champions-league-real-madrid-vs-liverpool,13,45,,True,,,save,assisted,left-foot,0.0693,0.0319,21.3,43.8,50.2,26.6,high-centre
25-26-champions-league-real-madrid-vs-liverpool,14,45,,True,,,save,assisted,left-foot,0.1483,0.2152,3.4,34.4,53.2,1.9,low-left
25-26-champions-league-real-madrid-vs-liverpool,15,43,,False,387,Szoboszlai,save,assisted,right-foot,0.0161,0.1025,23.6,73.3,53.7,19,low-left
25-26-champions-league-real-madrid-vs-liverpool,16,37,,False,387,Szoboszlai,save,assisted,right-foot,0.0173,0.045,21.5,73.8,52.7,2.5,low-left
25-26-champions-league-real-madrid-vs-liverpool,17,30,,False,387,Szoboszlai,block,assisted,right-foot,0.0382,,20.1,63.6,45.3,19,low-right
25-26-champions-league-real-madrid-vs-liverpool,18,28,,False,373,Virgil,miss,set-piece,head,0.0844,,9.7,51.3,56.1,84.7,high-left
25-26-champions-league-real-madrid-vs-liverpool,19,27,,False,387,Szoboszlai,save,assisted,right-foot,0.4229,0.2585,10.3,50.2,49.7,12.7,low-centre
25-26-champions-league-real-madrid-vs-liverpool,20,27,,True,,,miss,assisted,right-foot,0.0326,,26.5,53.2,64.2,4.2,left
25-26-champions-league-real-madrid-vs-liverpool,21,17,,True,,,miss,fast-break,right-foot,0.0429,,18.1,35,41,95.8,high-right
25-26-champions-league-real-madrid-vs-liverpool,22,17,,False,661,Ekitiké,block,fast-break,right-foot,0.0367,,25.6,32.7,49.9,19,low-centre
25-26-champions-league-real-madrid-vs-liverpool,23,17,,True,,,block,assisted,left-foot,0.0182,,26,52.1,50.1,12.5,low-centre
25-26-champions-league-real-madrid-vs-liverpool,24,10,,False,386,Mac Allister,miss,assisted,right-foot,0.0651,,17.5,62.7,40.8,69.4,high-right
25-26-champions-league-real-madrid-vs-liverpool,25,1,,False,386,Mac Allister,block,assisted,right-foot,0.018,,27.7,32.9,50,19,low-centre
25-26-efl-cup-tottenham-hotspur-vs-newcastle-united,1,90,,False,684,Thiaw,miss,set-piece,head,0.0453,,9.8,48.1,41,23.6,close-right
25-26-efl-cup-tottenham-hotspur-vs-newcastle-united,2,78,,True,,,save,assisted,head,0.0615,,7.7,41.4,53.3,12.7,low-left
25-26-efl-cup-tottenham-hotspur-vs-newcastle-united,3,75,,False,474,Schär,block,corner,right-foot,0.011,,7.7,28.4,53.7,19,low-left
25-26-efl-cup-tottenham-hotspur-vs-newcastle-united,4,67,,True,,,save,assisted,left-foot,0.3612,,7.3,54.5,48.1,16.5,low-right
25-26-efl-cup-tottenham-hotspur-vs-newcastle-united,5,61,,True,580,Johnson,block,corner,left-foot,0.0152,,18.3,67.5,50.1,19,low-centre
25-26-efl-cup-tottenham-hotspur-vs-newcastle-united,6,60,,True,593,P.M.Sarr,save,assisted,right-foot,0.1289,,15,44.4,46.7,13.3,low-right
25-26-efl-cup-tottenham-hotspur-vs-newcastle-united,7,56,,False,494,Willock,miss,fast-break,right-foot,0.0601,,19.4,32,41,27.8,close-right
25-26-efl-cup-tottenham-hotspur-vs-newcastle-united,8,54,,True,585,Bentancur,save,set-piece,head,0.0704,,9.2,53,52.7,19.6,low-left
25-26-efl-cup-tottenham-hotspur-vs-newcastle-united,9,50,,False,714,Woltemade,goal,assisted,head,0.2765,,7.7,50.4,51.5,19.6,low-centre
25-26-efl-cup-tottenham-hotspur-vs-newcastle-united,10,45,,True,717,Xavi,miss,assisted,right-foot,0.0618,,16.3,66.2,50.9,58.3,close-high
25-26-efl-cup-tottenham-hotspur-vs-newcastle-united,11,45,,True,717,Xavi,block,assisted,right-foot,0.043,,24.8,57.3,50.4,19,low-centre
25-26-efl-cup-tottenham-hotspur-vs-newcastle-united,12,45,,True,,,save,set-piece,head,0.1278,,7.9,51.5,49.1,13.9,low-centre
25-26-efl-cup-tottenham-hotspur-vs-newcastle-united,13,44,,True,586,Bergvall,block,assisted,left-foot,0.0693,,17,39.7,50.8,19,low-centre
25-26-efl-cup-tottenham-hotspur-vs-newcastle-united,14,41,,False,487,Barnes,post,throw-in-set-piece,left-foot,0.4808,,4.2,53,50.1,39.2,high
25-26-efl-cup-tottenham-hotspur-vs-newcastle-united,15,39,,True,570,Danso,save,regular,right-foot,0.0367,,22.6,41.3,50.3,22.8,high-centre
25-26-efl-cup-tottenham-hotspur-vs-newcastle-united,16,24,,False,474,Schär,goal,corner,head,0.1891,,6.4,50.2,54,16.5,low-left
25-26-efl-cup-tottenham-hotspur-vs-newcastle-united,17,12,,False,487,Barnes,miss,assisted,right-foot,0.0754,,13,34.2,57.5,2.8,close-left
25-26-efl-cup-tottenham-hotspur-vs-newcastle-united,18,9,,True,,,block,regular,left-foot,0.0332,,14.4,27.6,48.2,19,low-centre
25-26-efl-cup-tottenham-hotspur-vs-newcastle-united,19,8,,False,52,J.Ramsey,block,assisted,right-foot,0.146,,12.3,54.6,51.2,19,low-centre
25-26-efl-cup-tottenham-hotspur-vs-newcastle-united,20,5,,False,494,Willock,block,set-piece,right-foot,0.038,,15.1,50.7,49.2,19,low-centre
25-26-efl-cup-tottenham-hotspur-vs-newcastle-united,21,5,,False,684,Thiaw,save,set-piece,head,0.0352,,2.4,61.3,47.5,17.1,low-right
25-26-europa-league-maccabi-tel-aviv-vs-aston-villa,1,79,,False,39,Maatsen,miss,corner,left-foot,0.0301,,13,30.9,37.8,9.7,right
25-26-europa-league-maccabi-tel-aviv-vs-aston-villa,2,76,,False,53,Malen,save,assisted,right-foot,0.0785,0.0539,10.1,67.5,50,13.3,low-centre
25-26-europa-league-maccabi-tel-aviv-vs-aston-villa,3,74,,True,,,miss,assisted,head,0.0146,,8,66.9,42.7,15.3,close-right
25-26-europa-league-maccabi-tel-aviv-vs-aston-villa,4,59,,False,53,Malen,goal,penalty,right-foot,0.7884,0.8612,11.5,50,53.8,1.9,low-left
25-26-europa-league-maccabi-tel-aviv-vs-aston-villa,5,55,,False,53,Malen,save,fast-break,right-foot,0.0286,0.0451,9,71.4,48.9,1.9,low-centre
25-26-europa-league-maccabi-tel-aviv-vs-aston-villa,6,55,,True,,,save,fast-break,right-foot,0.3263,0.4505,14.6,50,53,17.1,low-left
25-26-europa-league-maccabi-tel-aviv-vs-aston-villa,7,51,,False,53,Malen,miss,set-piece,right-foot,0.2695,,3.3,43.2,61.7,15.3,left
25-26-europa-league-maccabi-tel-aviv-vs-aston-villa,8,51,,False,39,Maatsen,save,set-piece,left-foot,0.0138,0.0586,26.3,67.3,52.1,3.2,low-left
25-26-europa-league-maccabi-tel-aviv-vs-aston-villa,9,45,,False,,,miss,set-piece,right-foot,0.0554,,8.2,57.7,39.8,72.2,high-right
25-26-europa-league-maccabi-tel-aviv-vs-aston-villa,10,45,,False,39,Maatsen,goal,assisted,left-foot,0.1199,0.5809,3.1,39.1,48.1,30.4,high-right
25-26-europa-league-maccabi-tel-aviv-vs-aston-villa,11,39,,True,,,save,assisted,right-foot,0.5794,0.4887,6,48.3,52.3,0.6,low-left
25-26-europa-league-maccabi-tel-aviv-vs-aston-villa,12,38,,False,47,Rogers,save,set-piece,right-foot,0.0126,0.0151,32.7,32.2,51,17.7,low-centre
25-26-europa-league-maccabi-tel-aviv-vs-aston-villa,13,36,,False,53,Malen,save,regular,left-foot,0.2347,0.2907,3.3,41.5,51.8,2.5,low-centre
25-26-europa-league-maccabi-tel-aviv-vs-aston-villa,14,36,,False,47,Rogers,block,assisted,right-foot,0.1024,,7.2,56.2,50.1,19,low-centre
25-26-europa-league-maccabi-tel-aviv-vs-aston-villa,15,35,,False,47,Rogers,miss,assisted,right-foot,0.0218,,17.8,25.9,45.4,50,close-high
25-26-europa-league-maccabi-tel-aviv-vs-aston-villa,16,35,,False,47,Rogers,save,throw-in-set-piece,right-foot,0.2547,0.2934,7.1,41.1,50.1,5.7,low-centre
25-26-europa-league-maccabi-tel-aviv-vs-aston-villa,17,24,,True,,,block,assisted,left-foot,0.0461,,12.2,67.7,51.1,19,low-centre
25-26-europa-league-maccabi-tel-aviv-vs-aston-villa,18,19,,False,53,Malen,block,assisted,right-foot,0.0611,,10.7,32.1,49.4,19,low-centre
25-26-europa-league-maccabi-tel-aviv-vs-aston-villa,19,7,,True,,,save,assisted,right-foot,0.0686,0.2361,19.1,48.8,48.4,5.1,low-centre
25-26-europa-league-maccabi-tel-aviv-vs-aston-villa,20,6,,True,,,block,fast-break,right-foot,0.0634,,15.5,35.3,49.7,19,low-centre
25-26-europa-league-nottingham-forest-vs-sturm-graz,1,90,,False,,,miss,fast-break,right-foot,0.0204,,61.1,70.9,98.8,8.3,left
25-26-europa-league-nottingham-forest-vs-sturm-graz,2,90,,True,519,Dominguez,block,corner,left-foot,0.0158,,22,52.1,48.5,19,low-centre
25-26-europa-league-nottingham-forest-vs-sturm-graz,3,81,,True,505,Milenković,miss,set-piece,head,0.071,,9.9,52.3,68.2,6.9,left
25-26-europa-league-nottingham-forest-vs-sturm-graz,4,75,,True,521,Sangaré,miss,set-piece,head,0.0099,,14.1,42.5,58.8,12.5,close-left
25-26-europa-league-nottingham-forest-vs-sturm-graz,5,51,,True,696,Kalimuendo,block,assisted,left-foot,0.1629,,7,39.3,50.5,19,low-centre
25-26-europa-league-nottingham-forest-vs-sturm-graz,6,46,,True,522,Yates,miss,assisted,left-foot,0.112,,15.1,56.2,59.2,52.8,close-high-left
25-26-europa-league-nottingham-forest-vs-sturm-graz,7,43,,False,,,save,assisted,left-foot,0.0346,0.0312,19.9,32.8,48.9,7,low-centre
25-26-europa-league-nottingham-forest-vs-sturm-graz,8,35,,True,515,Gibbs-White,save,penalty,right-foot,0.7884,0.7879,11.5,50,47.3,0.6,low-right
25-26-europa-league-nottingham-forest-vs-sturm-graz,9,27,,False,,,save,assisted,right-foot,0.0322,0.4663,14.7,29.5,46.1,5.1,low-right
25-26-europa-league-nottingham-forest-vs-sturm-graz,10,20,,True,519,Dominguez,miss,set-piece,left-foot,0.0311,,20.7,42.3,51.8,76.4,high
25-26-europa-league-nottingham-forest-vs-sturm-graz,11,16,,True,522,Yates,save,corner,head,0.3875,,2.6,52.3,50.6,19,low-centre
25-26-europa-league-nottingham-forest-vs-sturm-graz,12,10,,True,426,McAtee,miss,set-piece,left-foot,0.1236,,14.5,48.3,42.9,2.8,close-right
25-26-prem-brighton-hove-albion-vs-leeds-united,1,85,,False,660,Stach,save,fast-break,left-foot,0.0852,0.6196,8.3,34,54.2,29.7,high-left
25-26-prem-brighton-hove-albion-vs-leeds-united,2,85,,False,365,Nmecha,save,fast-break,right-foot,0.1322,0.2641,8.2,68.3,52.8,2.5,low-left
25-26-prem-brighton-hove-albion-vs-leeds-united,3,83,,True,166,Ayari,save,assisted,right-foot,0.1317,0.1282,15.6,49.4,49.7,19,low-centre
25-26-prem-brighton-hove-albion-vs-leeds-united,4,70,,True,169,Gomez,goal,assisted,right-foot,0.3673,0.9346,9,52.8,51.2,3.8,low-centre
25-26-prem-brighton-hove-albion-vs-leeds-united,5,64,,True,169,Gomez,goal,regular,right-foot,0.8841,0.9717,4.3,51,49,16.5,low-centre
25-26-prem-brighton-hove-albion-vs-leeds-united,6,57,,False,691,Calvert-Lewin,miss,assisted,right-foot,0.0259,,20.9,31.3,41.8,6.9,close-right
25-26-prem-brighton-hove-albion-vs-leeds-united,7,57,,True,169,Gomez,save,regular,right-foot,0.0653,0.0806,14.7,46.7,49,1.9,low-centre
25-26-prem-brighton-hove-albion-vs-leeds-united,8,49,,True,158,Georginio,miss,assisted,left-foot,0.0263,,21.8,35.4,56.3,13.9,close-left
25-26-prem-brighton-hove-albion-vs-leeds-united,9,47,,True,151,Van Hecke,save,assisted,right-foot,0.1724,0.7258,13.5,48.4,46.3,24.7,high-right
25-26-prem-brighton-hove-albion-vs-leeds-united,10,45,1,False,493,Longstaff,block,fast-break,right-foot,0.1905,,12.2,58.3,47,19,low-right
25-26-prem-brighton-hove-albion-vs-leeds-united,11,41,,True,160,Minteh,miss,fast-break,left-foot,0.2507,,13,46.1,42.7,1.4,close-right
25-26-prem-brighton-hove-albion-vs-leeds-united,12,39,,True,169,Gomez,block,assisted,right-foot,0.0373,,23.1,55.8,50,19,low-centre
25-26-prem-brighton-hove-albion-vs-leeds-united,13,34,,True,178,Welbeck,miss,assisted,right-foot,0.0849,,18.3,60.8,57.5,26.4,close-left
25-26-prem-brighton-hove-albion-vs-leeds-united,14,20,,False,493,Longstaff,miss,free-kick,right-foot,0.0632,,25.4,42.9,51.4,76.4,high
25-26-prem-brighton-hove-albion-vs-leeds-united,15,15,,True,166,Ayari,miss,corner,left-foot,0.0268,,21,62.8,46.9,58.3,close-high
25-26-prem-brighton-hove-albion-vs-leeds-united,16,11,,True,178,Welbeck,goal,assisted,right-foot,0.8349,0.9949,6.7,52,48.2,8.2,low-centre
25-26-prem-brighton-hove-albion-vs-leeds-united,17,11,,True,166,Ayari,block,throw-in-set-piece,right-foot,0.0357,,21,37.4,49.3,19,low-centre
25-26-prem-brighton-hove-albion-vs-leeds-united,18,9,,True,166,Ayari,save,regular,right-foot,0.1442,0.6407,15.3,44,53.6,1.9,low-left
25-26-prem-brighton-hove-albion-vs-leeds-united,19,2,,True,167,Baleba,miss,assisted,left-foot,0.0068,,23.8,69.9,61,63.9,high-left
25-26-prem-burnley-vs-arsenal,1,90,7,True,206,Edwards,post,free-kick,left-foot,0.0593,,24.2,62.4,44.8,25.3,right
25-26-prem-burnley-vs-arsenal,2,90,2,False,24,Nørgaard,save,assisted,right-foot,0.0511,0.1152,18.5,61.7,52.6,1.9,low-left
25-26-prem-burnley-vs-arsenal,3,82,,False,25,Nwaneri,miss,regular,left-foot,0.0419,,23.2,53.2,56.8,2.8,close-left
25-26-prem-burnley-vs-arsenal,4,73,,True,722,Florentino,miss,set-piece,head,0.274,,4,50.5,45,65.3,high
25-26-prem-burnley-vs-arsenal,5,71,,True,215,Flemming,miss,regular,head,0.0201,,13.9,48.9,40.2,4.2,right
25-26-prem-burnley-vs-arsenal,6,66,,False,8,J.Timber,miss,assisted,right-foot,0.0284,,12.2,72.1,44.5,79.2,high
25-26-prem-burnley-vs-arsenal,7,56,,False,20,Trossard,save,set-piece,right-foot,0.0276,0.1353,19.4,34.4,53.8,2.5,low-left
25-26-prem-burnley-vs-arsenal,8,38,,False,266,Eze,block,fast-break,right-foot,0.1208,,15.1,39.7,51.1,19,low-centre
25-26-prem-burnley-vs-arsenal,9,35,,False,21,Rice,goal,fast-break,head,0.2402,0.7918,8.6,49,54.2,13.3,low-left
25-26-prem-burnley-vs-arsenal,10,32,,False,20,Trossard,save,fast-break,right-foot,0.2444,,11.9,43.8,47.3,19,low-right
25-26-prem-burnley-vs-arsenal,11,32,,False,16,Saka,save,fast-break,right-foot,0.3025,0.201,11.5,61.8,50.7,21.5,high-centre
25-26-prem-burnley-vs-arsenal,12,23,,False,16,Saka,save,fast-break,left-foot,0.2789,0.246,15.6,53.6,51.3,3.2,low-centre
25-26-prem-burnley-vs-arsenal,13,21,,False,7,Calafiori,save,assisted,left-foot,0.0576,0.4357,6.9,33.8,52.9,34.8,high-left
25-26-prem-burnley-vs-arsenal,14,19,,False,8,J.Timber,miss,corner,head,0.1576,,4.5,55,39.3,55.6,high-right
25-26-prem-burnley-vs-arsenal,15,14,,False,666,Gyökeres,goal,corner,head,0.8712,0.6558,2.3,50.1,49,20.3,high-centre
25-26-prem-crystal-palace-vs-brentford,1,85,,True,267,Sarr,block,assisted,right-foot,0.0257,,18.5,34.2,54.1,19,low-left
25-26-prem-crystal-palace-vs-brentford,2,83,,False,124,Henderson,block,corner,right-foot,0.007,,25.7,38,48.3,19,low-centre
25-26-prem-crystal-palace-vs-brentford,3,76,,False,27,Nelson,save,assisted,right-foot,0.0565,0.5036,19.4,42.3,46.4,17.1,low-right
25-26-prem-crystal-palace-vs-brentford,4,76,,True,256,Muñoz,save,regular,right-foot,0.0192,0.1626,20.2,87.1,47.7,7,low-right
25-26-prem-crystal-palace-vs-brentford,5,74,,False,125,Janelt,miss,regular,left-foot,0.1244,,15.4,44.4,63.7,12.5,left
25-26-prem-crystal-palace-vs-brentford,6,58,,False,108,Ajer,save,throw-in-set-piece,head,0.1215,0.2705,4.8,39.9,49.5,24.1,high-centre
25-26-prem-crystal-palace-vs-brentford,7,56,,True,272,Lerma,block,corner,right-foot,0.0489,,12.6,40.3,53.4,19,low-left
25-26-prem-crystal-palace-vs-brentford,8,53,,True,271,Kamada,block,throw-in-set-piece,right-foot,0.0502,,23.7,52.3,49,19,low-centre
25-26-prem-crystal-palace-vs-brentford,9,52,,True,267,Sarr,post,regular,right-foot,0.268,,12.9,55.6,44.7,2.5,right
25-26-prem-crystal-palace-vs-brentford,11,45,,False,121,Damsgaard,miss,free-kick,right-foot,0.1681,,18,53.1,47.7,65.3,high
25-26-prem-crystal-palace-vs-brentford,12,35,,True,267,Sarr,miss,corner,right-foot,0.0464,,15.4,58.3,42.7,11.1,close-right
25-26-prem-crystal-palace-vs-brentford,13,30,,True,283,Mateta,goal,set-piece,head,0.0275,0.5076,11.7,56.2,54,24.1,high-left
25-26-prem-crystal-palace-vs-brentford,14,27,,True,271,Kamada,miss,assisted,left-foot,0.0317,,15.6,30.1,41.2,16.7,close-right
25-26-prem-crystal-palace-vs-brentford,15,26,,True,283,Mateta,save,regular,head,0.0845,0.148,7.7,54.2,48.2,24.7,high-centre
25-26-prem-crystal-palace-vs-brentford,16,15,,False,83,O.Dango,block,fast-break,left-foot,0.0595,,20.7,57.3,51.9,19,low-left
25-26-prem-crystal-palace-vs-brentford,17,7,,True,712,Yeremy,block,free-kick,right-foot,0.0976,,23.4,47.9,51,19,low-centre
25-26-prem-fulham-vs-wolverhampton-wanderers,1,90,5,True,338,Muniz,block,fast-break,right-foot,0.0321,,18.6,34,50.2,19,low-centre
25-26-prem-fulham-vs-wolverhampton-wanderers,2,90,5,False,720,Tolu,block,free-kick,right-foot,0.0747,,18.8,65.2,48.4,19,low-centre
25-26-prem-fulham-vs-wolverhampton-wanderers,3,90,1,True,326,Adama,block,assisted,right-foot,0.0202,,15.4,30.9,52.1,19,low-left
25-26-prem-fulham-vs-wolverhampton-wanderers,4,88,,True,727,Chukwueze,save,assisted,left-foot,0.0512,0.725,13.3,65.4,54,10.8,low-left
25-26-prem-fulham-vs-wolverhampton-wanderers,5,86,,True,331,Cairney,block,regular,left-foot,0.095,,16.1,47.4,52.3,19,low-left
25-26-prem-fulham-vs-wolverhampton-wanderers,6,86,,True,727,Chukwueze,post,regular,left-foot,0.3719,,6.4,48.5,55.4,29.1,left
25-26-prem-fulham-vs-wolverhampton-wanderers,7,86,,True,325,Smith Rowe,block,assisted,left-foot,0.1292,,7.3,42.7,51.7,19,low-centre
25-26-prem-fulham-vs-wolverhampton-wanderers,9,70,,True,329,Wilson,save,fast-break,left-foot,0.0464,0.2297,21.6,58.8,52.5,25.9,high-left
25-26-prem-fulham-vs-wolverhampton-wanderers,10,69,,True,335,King,miss,assisted,right-foot,0.033,,21.3,55.9,50.3,80.6,high
25-26-prem-fulham-vs-wolverhampton-wanderers,11,62,,True,329,Wilson,goal,regular,left-foot,0.0566,0.6587,18.9,57.9,53.7,7,low-left
25-26-prem-fulham-vs-wolverhampton-wanderers,12,62,,True,330,Berge,block,assisted,right-foot,0.1117,,16.3,55.1,50,19,low-centre
25-26-prem-fulham-vs-wolverhampton-wanderers,13,56,,True,322,Tete,save,assisted,right-foot,0.0702,0.1316,2.6,66.1,48.6,10.1,low-centre
25-26-prem-fulham-vs-wolverhampton-wanderers,14,56,,True,324,Iwobi,block,assisted,right-foot,0.0245,,14.4,33.1,53.5,19,low-left
25-26-prem-fulham-vs-wolverhampton-wanderers,15,53,,True,322,Tete,miss,assisted,right-foot,0.015,,27.9,48.1,52.4,77.8,high
25-26-prem-fulham-vs-wolverhampton-wanderers,16,52,,True,317,Andersen,block,corner,right-foot,0.0518,,1.2,39.3,53.8,19,low-left
25-26-prem-fulham-vs-wolverhampton-wanderers,17,52,,True,322,Tete,save,assisted,right-foot,0.0175,0.0894,25.4,66,47.4,24.1,high-right
25-26-prem-fulham-vs-wolverhampton-wanderers,18,45,6,False,709,Krejčí,save,assisted,head,0.0689,0.0337,7.2,56.4,50.2,4.4,low-centre
25-26-prem-fulham-vs-wolverhampton-wanderers,19,45,3,False,644,Bellegarde,miss,throw-in-set-piece,left-foot,0.0366,,21.9,37.6,64,93.1,high-left
25-26-prem-fulham-vs-wolverhampton-wanderers,20,31,,True,329,Wilson,miss,assisted,left-foot,0.0439,,9.9,66,41,6.9,close-right
25-26-prem-fulham-vs-wolverhampton-wanderers,21,22,,True,329,Wilson,block,set-piece,left-foot,0.0162,,28.2,63.4,51.1,19,low-centre
25-26-prem-fulham-vs-wolverhampton-wanderers,22,20,,False,648,Munetsi,miss,assisted,head,0.0207,,11.1,60.2,40,45.8,high-right
25-26-prem-fulham-vs-wolverhampton-wanderers,23,17,,True,329,Wilson,miss,corner,left-foot,0.0156,,21.6,61.5,39.7,16.7,right
25-26-prem-fulham-vs-wolverhampton-wanderers,24,9,,True,328,Sessegnon,goal,assisted,left-foot,0.2201,0.0895,12.8,35.6,50.4,13.9,low-centre
25-26-prem-fulham-vs-wolverhampton-wanderers,25,3,,False,644,Bellegarde,save,assisted,left-foot,0.0392,0.0636,13.5,68.9,48.6,16.5,low-centre
25-26-prem-liverpool-vs-aston-villa,1,86,,False,456,Sancho,miss,assisted,right-foot,0.0279,,20.4,33.8,42.4,66.7,high-right
25-26-prem-liverpool-vs-aston-villa,2,80,,True,384,Gakpo,block,assisted,right-foot,0.0626,,15.7,37.4,50.2,19,low-centre
25-26-prem-liverpool-vs-aston-villa,3,79,,False,55,Barkley,miss,assisted,right-foot,0.0795,,13.3,37.6,41.3,55.6,close-high-right
25-26-prem-liverpool-vs-aston-villa,4,70,,False,53,Malen,miss,fast-break,right-foot,0.0467,,19.5,69.3,42.4,13.9,close-right
25-26-prem-liverpool-vs-aston-villa,5,63,,False,55,Barkley,save,assisted,right-foot,0.0199,0.0592,24,60.7,51.9,4.4,low-left
25-26-prem-liverpool-vs-aston-villa,6,63,,True,381,M.Salah,block,assisted,left-foot,0.0893,,17.6,55.2,48,19,low-right
25-26-prem-liverpool-vs-aston-villa,7,58,,True,390,Gravenberch,goal,assisted,left-foot,0.1283,0.1306,18.7,51.7,50.2,4.4,low-centre
25-26-prem-liverpool-vs-aston-villa,8,56,,False,47,Rogers,miss,throw-in-set-piece,head,0.0922,,8,60.6,100,16.7,left
25-26-prem-liverpool-vs-aston-villa,9,45,4,True,375,Bradley,miss,corner,right-foot,0.0118,,27.5,53.2,53.8,80.6,high
25-26-prem-liverpool-vs-aston-villa,10,45,1,True,381,M.Salah,goal,regular,right-foot,0.1024,0.5214,14.1,71.7,48.7,2.5,low-centre
25-26-prem-liverpool-vs-aston-villa,11,43,,True,386,Mac Allister,block,assisted,right-foot,0.1383,,9.4,63.4,52.3,19,low-left
25-26-prem-liverpool-vs-aston-villa,12,40,,False,36,Cash,miss,set-piece,right-foot,0.0149,,28.6,53.8,63,4.2,left
25-26-prem-liverpool-vs-aston-villa,13,38,,True,384,Gakpo,miss,assisted,right-foot,0.0266,,22.3,36.8,41.2,73.6,high-right
25-26-prem-liverpool-vs-aston-villa,14,38,,True,374,Konaté,miss,set-piece,head,0.1306,,8.5,56.5,32.4,13.9,right
25-26-prem-liverpool-vs-aston-villa,15,36,,True,384,Gakpo,miss,assisted,right-foot,0.0552,,15.4,45.6,38.7,9.7,right
25-26-prem-liverpool-vs-aston-villa,16,33,,True,387,Szoboszlai,save,free-kick,right-foot,0.0562,0.0533,19.1,29.5,47.7,7,low-right
25-26-prem-liverpool-vs-aston-villa,17,26,,False,677,Guessand,block,assisted,right-foot,0.06,,15.3,48.1,54,19,low-left
25-26-prem-liverpool-vs-aston-villa,18,23,,True,387,Szoboszlai,save,regular,left-foot,0.1893,0.3067,18.4,48.5,52.5,2.5,low-left
25-26-prem-liverpool-vs-aston-villa,19,22,,True,381,M.Salah,miss,assisted,left-foot,0.0318,,24.7,56.8,59.5,84.7,high-left
25-26-prem-liverpool-vs-aston-villa,20,21,,False,47,Rogers,save,assisted,right-foot,0.0155,0.0478,27.8,62.8,53,16.5,low-left
25-26-prem-liverpool-vs-aston-villa,21,19,,False,36,Cash,save,assisted,right-foot,0.0155,0.1935,18.1,81.7,45.7,31,high-right
25-26-prem-liverpool-vs-aston-villa,22,18,,True,372,Robertson,block,assisted,left-foot,0.075,,14.5,48.1,51.9,9.7,low-left
25-26-prem-liverpool-vs-aston-villa,23,18,,True,384,Gakpo,miss,assisted,head,0.0245,,9.2,38.9,27.6,4.2,right
25-26-prem-liverpool-vs-aston-villa,24,15,,True,387,Szoboszlai,miss,assisted,right-foot,0.0303,,26.9,55.2,56.8,5.6,close-left
25-26-prem-liverpool-vs-aston-villa,25,5,,False,47,Rogers,post,assisted,right-foot,0.0355,,16.3,37.4,44.6,10.8,right
25-26-prem-liverpool-vs-aston-villa,26,2,,True,390,Gravenberch,block,assisted,right-foot,0.0335,,25.3,63.9,51.8,19,low-left
25-26-prem-manchester-city-vs-afc-bournemouth,1,90,4,True,427,Reijnders,save,regular,right-foot,0.0793,0.045,15.6,56.6,49.5,22.8,high-centre
25-26-prem-manchester-city-vs-afc-bournemouth,2,90,2,False,84,Tavernier,block,assisted,right-foot,0.0323,,23.5,56.8,50.2,19,low-centre
25-26-prem-manchester-city-vs-afc-bournemouth,3,88,,True,413,Marmoush,miss,assisted,right-foot,0.1455,,3.3,59.1,42.4,9.7,close-right
25-26-prem-manchester-city-vs-afc-bournemouth,4,78,,True,427,Reijnders,block,assisted,right-foot,0.0309,,14.7,70.5,48.3,19,low-centre
25-26-prem-manchester-city-vs-afc-bournemouth,5,67,,True,417,Cherki,miss,assisted,left-foot,0.0497,,19.1,57,55,65.3,high
25-26-prem-manchester-city-vs-afc-bournemouth,6,66,,False,74,Truffert,miss,assisted,left-foot,0.0531,,13.9,34,33.9,19.4,right
25-26-prem-manchester-city-vs-afc-bournemouth,7,60,,True,411,O'Reilly,goal,assisted,left-foot,0.0934,0.1773,13.2,38.9,48.4,1.3,low-centre
25-26-prem-manchester-city-vs-afc-bournemouth,8,59,,False,86,Brooks,save,regular,left-foot,0.0143,0.0107,29.4,58.9,50,2.5,low-centre
25-26-prem-manchester-city-vs-afc-bournemouth,9,53,,False,100,E. J. Kroupi,save,assisted,right-foot,0.1137,0.2251,14.8,48.4,47.3,20.9,high-right
25-26-prem-manchester-city-vs-afc-bournemouth,10,51,,False,100,E. J. Kroupi,miss,fast-break,right-foot,0.1144,,7,65.8,43.5,2.8,close-right
25-26-prem-manchester-city-vs-afc-bournemouth,11,49,,False,82,Semenyo,save,fast-break,right-foot,0.0169,0.2284,60,7,51.3,23.4,high-centre
25-26-prem-manchester-city-vs-afc-bournemouth,12,48,,True,430,Haaland,miss,assisted,head,0.081,,8.9,56.8,46.6,69.4,high
25-26-prem-manchester-city-vs-afc-bournemouth,13,45,6,True,417,Cherki,save,free-kick,right-foot,0.0408,0.3239,22.2,73.5,45.5,18.4,low-right
25-26-prem-manchester-city-vs-afc-bournemouth,14,37,,True,430,Haaland,save,fast-break,left-foot,0.4505,0.1949,11.4,39.1,50.3,15.8,low-centre
25-26-prem-manchester-city-vs-afc-bournemouth,15,35,,False,82,Semenyo,save,regular,right-foot,0.0112,0.0232,29,31.7,48.4,10.8,low-centre
25-26-prem-manchester-city-vs-afc-bournemouth,16,34,,True,411,O'Reilly,save,throw-in-set-piece,left-foot,0.2385,,4.2,32.2,51.3,19,low-centre
25-26-prem-manchester-city-vs-afc-bournemouth,17,33,,True,430,Haaland,goal,assisted,left-foot,0.3121,0.3089,8.1,34.4,51.6,2.5,low-centre
25-26-prem-manchester-city-vs-afc-bournemouth,18,30,,True,430,Haaland,miss,corner,head,0.0514,,9.9,46.8,30.9,5.6,right
25-26-prem-manchester-city-vs-afc-bournemouth,19,29,,True,417,Cherki,block,assisted,left-foot,0.1505,,10.6,59.8,50.4,19,low-centre
25-26-prem-manchester-city-vs-afc-bournemouth,20,25,,False,85,Adams,goal,corner,right-foot,0.2723,0.8833,4.8,49.7,49.8,8.9,low-centre
25-26-prem-manchester-city-vs-afc-bournemouth,21,17,,True,430,Haaland,goal,fast-break,left-foot,0.4062,0.2982,13.1,42.5,51.9,7.6,low-left
25-26-prem-manchester-city-vs-afc-bournemouth,22,12,,True,430,Haaland,save,assisted,right-foot,0.0301,0.0445,12.8,34.2,52.3,8.9,low-left
25-26-prem-manchester-city-vs-afc-bournemouth,23,6,,True,414,Foden,block,assisted,left-foot,0.0567,,11.6,33.3,50.8,19,low-centre
25-26-prem-nottingham-forest-vs-manchester-united,1,90,4,False,452,Amad,save,corner,left-foot,0.0866,,9.7,38.9,50.3,19,low-centre
25-26-prem-nottingham-forest-vs-manchester-united,2,90,3,False,457,Casemiro,block,assisted,right-foot,0.0161,,31.6,54.4,50.5,19,low-centre
25-26-prem-nottingham-forest-vs-manchester-united,3,89,,True,517,Anderson,block,assisted,right-foot,0.1078,,11.9,37.8,50.8,19,low-centre
25-26-prem-nottingham-forest-vs-manchester-united,4,89,,True,516,Hudson-Odoi,block,assisted,right-foot,0.0505,,12.6,39.3,49.4,19,low-centre
25-26-prem-nottingham-forest-vs-manchester-united,5,88,,False,681,Šeško,miss,assisted,left-foot,0.0253,,3.6,30.7,50.1,80.6,high
25-26-prem-nottingham-forest-vs-manchester-united,6,87,,False,450,Cunha,save,assisted,right-foot,0.0419,0.0136,23,51.7,50,8.2,low-centre
25-26-prem-nottingham-forest-vs-manchester-united,7,86,,True,505,Milenković,miss,corner,head,0.0595,,8.4,46.8,38.7,36.1,right
25-26-prem-nottingham-forest-vs-manchester-united,8,85,,True,508,N.Williams,block,regular,right-foot,0.0417,,19.8,38,50.8,19,low-centre
25-26-prem-nottingham-forest-vs-manchester-united,9,81,,False,452,Amad,goal,corner,left-foot,0.0303,0.3557,18.5,53.3,53.8,19,low-left
25-26-prem-nottingham-forest-vs-manchester-united,10,81,,False,441,Dorgu,miss,corner,left-foot,0.2886,,5.1,50,7.2,4.2,right
25-26-prem-nottingham-forest-vs-manchester-united,11,75,,False,441,Dorgu,save,assisted,left-foot,0.0224,0.0607,12.5,23.9,49.7,12,low-centre
25-26-prem-nottingham-forest-vs-manchester-united,12,75,,False,450,Cunha,block,assisted,right-foot,0.0246,,22.9,55.6,51.3,19,low-centre
25-26-prem-nottingham-forest-vs-manchester-united,13,74,,False,449,B.Fernandes,block,assisted,right-foot,0.0923,,18.4,44,51.4,19,low-centre
25-26-prem-nottingham-forest-vs-manchester-united,14,74,,False,457,Casemiro,block,assisted,left-foot,0.0187,,29.8,45.1,50.8,19,low-centre
25-26-prem-nottingham-forest-vs-manchester-united,15,68,,True,516,Hudson-Odoi,miss,fast-break,right-foot,0.055,,22.9,53.9,56.6,23.6,close-left
25-26-prem-nottingham-forest-vs-manchester-united,16,66,,True,526,Igor Jesus,miss,regular,head,0.1043,,2.3,58.6,43.5,11.1,close-right
25-26-prem-nottingham-forest-vs-manchester-united,17,60,,False,457,Casemiro,miss,regular,right-foot,0.1258,,9.2,62.1,41.2,16.7,close-right
25-26-prem-nottingham-forest-vs-manchester-united,18,60,,False,449,B.Fernandes,post,assisted,right-foot,0.0237,,26,66.7,55.1,5.1,left
25-26-prem-nottingham-forest-vs-manchester-united,19,57,,True,506,Murillo,miss,corner,head,0.0645,,8.2,51.9,49.2,52.8,close-high
25-26-prem-nottingham-forest-vs-manchester-united,20,56,,False,119,Mbeumo,save,assisted,left-foot,0.0776,0.0284,16.3,57.7,50,11.4,low-centre
25-26-prem-nottingham-forest-vs-manchester-united,21,50,,True,716,Savona,goal,regular,left-foot,0.7782,0.8214,4.1,49.2,51.5,15.8,low-centre
25-26-prem-nottingham-forest-vs-manchester-united,22,50,,True,526,Igor Jesus,block,regular,head,0.0746,,8.9,47.9,50.8,19,low-centre
25-26-prem-nottingham-forest-vs-manchester-united,23,48,,True,515,Gibbs-White,goal,assisted,head,0.1355,0.6848,8.2,46,46.1,13.9,low-right
25-26-prem-nottingham-forest-vs-manchester-united,24,43,,True,515,Gibbs-White,block,fast-break,right-foot,0.131,,11.2,62.9,52.5,19,low-left
25-26-prem-nottingham-forest-vs-manchester-united,25,42,,False,452,Amad,miss,assisted,left-foot,0.0259,,20.3,54.6,64,66.7,high-left
25-26-prem-nottingham-forest-vs-manchester-united,26,40,,True,516,Hudson-Odoi,miss,assisted,left-foot,0.0258,,19.2,30.9,42,1.4,close-right
25-26-prem-nottingham-forest-vs-manchester-united,27,34,,False,457,Casemiro,goal,corner,head,0.1236,0.6912,6.3,53.8,53.5,13.9,low-left
25-26-prem-nottingham-forest-vs-manchester-united,28,28,,False,452,Amad,save,assisted,left-foot,0.0401,0.2436,21.1,67.6,52.2,17.7,low-left
25-26-prem-nottingham-forest-vs-manchester-united,29,15,,False,681,Šeško,miss,assisted,right-foot,0.0355,,23,41.2,60.8,16.7,left
25-26-prem-nottingham-forest-vs-manchester-united,30,15,,True,516,Hudson-Odoi,miss,assisted,right-foot,0.0234,,18.2,29.1,50.1,56.9,close-high
25-26-prem-nottingham-forest-vs-manchester-united,31,8,,True,517,Anderson,miss,corner,right-foot,0.0565,,21.9,50.9,37.3,16.7,right
25-26-prem-nottingham-forest-vs-manchester-united,32,8,,True,669,Ndoye,save,assisted,left-foot,0.017,0.0504,24.8,68.4,51.3,31,high-centre
25-26-prem-nottingham-forest-vs-manchester-united,33,7,,True,505,Milenković,miss,corner,head,0.1229,,3.4,42.7,54.6,69.4,high
25-26-prem-nottingham-forest-vs-manchester-united,34,6,,True,526,Igor Jesus,block,assisted,right-foot,0.08,,13.6,47.1,51.9,19,low-left
25-26-prem-nottingham-forest-vs-manchester-united,35,3,,False,681,Šeško,block,assisted,right-foot,0.1583,,10.5,52.4,49.3,19,low-centre
25-26-prem-sunderland-vs-everton,1,85,,False,292,Mykolenko,save,regular,left-foot,0.0159,0.1066,22.6,27,54.1,8.9,low-left
25-26-prem-sunderland-vs-everton,2,81,,True,694,Mukiele,miss,corner,head,0.1947,,7.6,51.1,28.1,73.6,high-right
25-26-prem-sunderland-vs-everton,3,81,,True,532,Hume,save,assisted,head,0.0943,0.6715,8,51.7,45.6,10.8,low-right
25-26-prem-sunderland-vs-everton,4,77,,True,560,Isidor,save,regular,right-foot,0.1304,0.2466,10,57.6,46.1,5.7,low-right
25-26-prem-sunderland-vs-everton,5,74,,True,531,Ballard,block,corner,head,0.16,,3.9,45.1,52,19,low-left
25-26-prem-sunderland-vs-everton,6,71,,True,560,Isidor,miss,fast-break,left-foot,0.0492,,13,29.5,59.2,79.2,high-left
25-26-prem-sunderland-vs-everton,7,63,,True,735,Traoré,miss,set-piece,left-foot,0.0413,,18.7,57.7,67.9,12.5,left
25-26-prem-sunderland-vs-everton,8,63,,True,541,Reinildo,block,set-piece,left-foot,0.0619,,9.2,33.8,50.3,19,low-centre
25-26-prem-sunderland-vs-everton,9,49,,True,547,E.Le Fée,miss,assisted,right-foot,0.0164,,25.2,40.2,60,18.1,left
25-26-prem-sunderland-vs-everton,10,46,,True,668,Xhaka,goal,assisted,left-foot,0.0428,0.4552,18.4,39.1,47.7,32.3,high-right
25-26-prem-sunderland-vs-everton,11,46,,True,547,E.Le Fée,block,assisted,right-foot,0.0315,,10.8,32.3,51.5,19,low-centre
25-26-prem-sunderland-vs-everton,12,44,,True,531,Ballard,miss,throw-in-set-piece,head,0.137,,4.9,43.6,40.2,20.8,right
25-26-prem-sunderland-vs-everton,13,42,,True,735,Traoré,block,set-piece,left-foot,0.0248,,13.3,62.4,48.6,19,low-centre
25-26-prem-sunderland-vs-everton,14,41,,True,694,Mukiele,block,assisted,left-foot,0.0347,,16.3,69.7,50.7,19,low-centre
25-26-prem-sunderland-vs-everton,15,39,,True,560,Isidor,block,assisted,right-foot,0.1081,,11,47.7,51.1,19,low-centre
25-26-prem-sunderland-vs-everton,16,36,,True,724,Geertruida,miss,regular,right-foot,0.0274,,22.2,43,48.2,66.7,high
25-26-prem-sunderland-vs-everton,17,35,,True,735,Traoré,block,regular,left-foot,0.0436,,10.8,66.3,50.6,19,low-centre
25-26-prem-sunderland-vs-everton,18,28,,False,310,Barry,miss,assisted,right-foot,0.4747,,3,55.5,48.7,63.9,high
25-26-prem-sunderland-vs-everton,19,23,,False,242,Dewsbury-Hall,block,throw-in-set-piece,left-foot,0.0523,,15.7,49.7,49.2,19,low-centre
25-26-prem-sunderland-vs-everton,20,22,,False,419,Grealish,post,assisted,right-foot,0.028,,23.9,45.1,55.2,5.7,left
25-26-prem-sunderland-vs-everton,21,15,,False,299,Ndiaye,goal,regular,left-foot,0.1091,0.6294,15.9,50.8,54.2,22.2,high-left
25-26-prem-sunderland-vs-everton,22,14,,True,735,Traoré,miss,regular,left-foot,0.0266,,21.3,47,57.8,56.9,close-high-left
25-26-prem-sunderland-vs-everton,23,7,,False,310,Barry,block,assisted,right-foot,0.0397,,11.1,64.4,49.6,19,low-centre
25-26-prem-sunderland-vs-everton,24,7,,False,299,Ndiaye,block,assisted,left-foot,0.141,,11.3,45.4,53.9,19,low-left
25-26-prem-sunderland-vs-everton,25,1,,False,303,Garner,miss,regular,left-foot,0.0276,,26.5,52.3,57.3,8.3,close-left
25-26-prem-tottenham-hotspur-vs-chelsea,1,90,4,False,249,João Pedro,save,fast-break,right-foot,0.7227,0.8168,8.9,54.6,46.7,13.3,low-right
25-26-prem-tottenham-hotspur-vs-chelsea,2,90,3,False,239,Gittens,miss,fast-break,right-foot,0.5094,,11.7,40.3,51.3,79.2,high
25-26-prem-tottenham-hotspur-vs-chelsea,3,74,,False,225,James,miss,assisted,right-foot,0.1191,,18.2,52.1,53.3,52.8,close-high
25-26-prem-tottenham-hotspur-vs-chelsea,4,74,,False,236,Neto,save,assisted,right-foot,0.0688,0.2048,10.7,67.1,49,32.3,high-centre
25-26-prem-tottenham-hotspur-vs-chelsea,5,71,,True,582,Kudus,block,assisted,left-foot,0.0428,,13.2,63,51.1,19,low-centre
25-26-prem-tottenham-hotspur-vs-chelsea,6,57,,False,249,João Pedro,save,assisted,head,0.0192,0.019,4.3,34.6,49.7,15.8,low-centre
25-26-prem-tottenham-hotspur-vs-chelsea,7,57,,False,236,Neto,miss,assisted,left-foot,0.5179,,4.3,48.7,83.4,9.7,left
25-26-prem-tottenham-hotspur-vs-chelsea,8,56,,False,236,Neto,save,assisted,left-foot,0.0322,0.0723,11,71.4,47.1,5.1,low-right
25-26-prem-tottenham-hotspur-vs-chelsea,9,53,,False,237,Enzo,miss,assisted,head,0.4396,,4.5,48.9,48.6,76.4,high
25-26-prem-tottenham-hotspur-vs-chelsea,10,48,,False,237,Enzo,save,assisted,right-foot,0.0367,0.178,22.9,48.2,46.5,9.5,low-right
25-26-prem-tottenham-hotspur-vs-chelsea,11,45,6,True,582,Kudus,save,assisted,left-foot,0.0517,0.1577,14.2,68.7,53,7,low-left
25-26-prem-tottenham-hotspur-vs-chelsea,12,43,,False,249,João Pedro,save,assisted,right-foot,0.1616,0.3607,10.2,53.4,50.3,25.9,high-centre
25-26-prem-tottenham-hotspur-vs-chelsea,13,34,,False,249,João Pedro,goal,assisted,right-foot,0.7299,0.9038,8.4,51.8,53.6,21.5,high-left
25-26-prem-tottenham-hotspur-vs-chelsea,14,32,,True,582,Kudus,miss,assisted,left-foot,0.0233,,18.9,70.8,50.4,54.2,close-high
25-26-prem-tottenham-hotspur-vs-chelsea,15,31,,False,249,João Pedro,save,assisted,right-foot,0.2311,0.1807,12.4,31.4,50.1,5.7,low-centre
25-26-prem-tottenham-hotspur-vs-chelsea,16,20,,False,453,Garnacho,save,assisted,right-foot,0.0475,0.4293,14.8,34.6,46.1,3.8,low-right
25-26-prem-tottenham-hotspur-vs-chelsea,17,19,,False,225,James,miss,assisted,right-foot,0.0193,,27.5,42.7,44.5,77.8,high
25-26-prem-tottenham-hotspur-vs-chelsea,18,11,,False,224,Cucurella,block,corner,left-foot,0.0297,,15,54.4,46.2,19,low-right
25-26-prem-west-ham-united-vs-newcastle-united,1,90,7,True,613,Souček,goal,fast-break,right-foot,0.946,0.6698,1.7,50.4,47.7,3.2,low-right
25-26-prem-west-ham-united-vs-newcastle-united,2,90,7,True,613,Souček,save,fast-break,right-foot,0.8885,0.702,2.4,49.1,51.3,1.9,low-centre
25-26-prem-west-ham-united-vs-newcastle-united,3,90,7,True,624,Bowen,save,fast-break,left-foot,0.1728,0.1289,8.6,64.4,49.4,3.8,low-centre
25-26-prem-west-ham-united-vs-newcastle-united,4,90,2,True,624,Bowen,miss,regular,left-foot,0.0349,,10.2,30.1,55.6,68.1,high
25-26-prem-west-ham-united-vs-newcastle-united,5,90,,False,500,Osula,save,assisted,head,0.0517,0.1487,8.8,44.6,51.6,20.9,high-centre
25-26-prem-west-ham-united-vs-newcastle-united,6,88,,False,487,Barnes,miss,assisted,right-foot,0.0281,,11.7,28.4,39.3,25,right
25-26-prem-west-ham-united-vs-newcastle-united,7,82,,True,708,M.Fernandes,block,fast-break,right-foot,0.2375,,14.1,54.9,48.8,19,low-centre
25-26-prem-west-ham-united-vs-newcastle-united,8,78,,False,488,Bruno G.,miss,regular,right-foot,0.0286,,18.9,53.6,43,87.5,high-right
25-26-prem-west-ham-united-vs-newcastle-united,9,71,,False,474,Schär,block,assisted,right-foot,0.0154,,31.3,59.5,49.7,19,low-centre
25-26-prem-west-ham-united-vs-newcastle-united,10,70,,True,624,Bowen,save,assisted,left-foot,0.0184,0.0581,27.9,56.4,47.5,2.5,low-right
25-26-prem-west-ham-united-vs-newcastle-united,11,68,,True,605,Kilman,block,corner,right-foot,0.0525,,11.8,48.4,51.7,19,low-centre
25-26-prem-west-ham-united-vs-newcastle-united,12,64,,False,489,J.Murphy,miss,regular,right-foot,0.0615,,14.4,63.6,60.3,1.4,left
25-26-prem-west-ham-united-vs-newcastle-united,13,54,,False,500,Osula,miss,regular,right-foot,0.0606,,9.7,37.8,2.4,48.6,high-right
25-26-prem-west-ham-united-vs-newcastle-united,14,48,,True,615,Summerville,miss,fast-break,right-foot,0.1664,,6.7,56,47.9,75,high
25-26-prem-west-ham-united-vs-newcastle-united,16,45,4,True,615,Summerville,save,assisted,right-foot,0.0244,0.0186,23.6,37.4,48.6,8.9,low-centre
25-26-prem-west-ham-united-vs-newcastle-united,17,45,1,False,490,Joelinton,miss,assisted,right-foot,0.0313,,11,31.5,41.8,1.4,close-right
25-26-prem-west-ham-united-vs-newcastle-united,18,41,,False,489,J.Murphy,miss,assisted,left-foot,0.0273,,26.9,59.3,50.8,62.5,high
25-26-prem-west-ham-united-vs-newcastle-united,19,39,,False,485,Gordon,save,assisted,right-foot,0.0598,0.3953,19.9,47.8,53.8,3.2,low-left
25-26-prem-west-ham-united-vs-newcastle-united,20,35,,True,612,L.Paquetá,goal,assisted,left-foot,0.0148,0.0421,26.6,33.1,54,10.8,low-left
25-26-prem-west-ham-united-vs-newcastle-united,21,32,,True,605,Kilman,save,corner,head,0.0388,0.0701,10.6,52.7,48.9,33.5,high-centre
25-26-prem-west-ham-united-vs-newcastle-united,22,32,,True,615,Summerville,block,corner,right-foot,0.0189,,21.9,33.1,47.3,19,low-right
25-26-prem-west-ham-united-vs-newcastle-united,23,31,,True,612,L.Paquetá,save,free-kick,left-foot,0.0682,0.1942,24.6,39.7,47.4,6.3,low-right
25-26-prem-west-ham-united-vs-newcastle-united,24,20,,False,489,J.Murphy,block,corner,right-foot,0.0131,,25.9,54.2,54.1,19,low-left
25-26-prem-west-ham-united-vs-newcastle-united,25,19,,False,489,J.Murphy,save,assisted,left-foot,0.0336,0.0267,11.9,68.5,50.1,13.3,low-centre
25-26-prem-west-ham-united-vs-newcastle-united,26,10,,True,671,Wilson,save,regular,right-foot,0.029,0.0414,8.6,71.7,47.4,17.7,low-right
25-26-prem-west-ham-united-vs-newcastle-united,27,4,,False,489,J.Murphy,goal,assisted,right-foot,0.0533,0.2097,18.7,68.3,53.5,3.2,low-left
25-26-prem-west-ham-united-vs-newcastle-united,28,4,,True,624,Bowen,post,assisted,left-foot,0.0526,,15.9,36.8,44.8,25.3,right
