id,status,chance_of_playing_next_round,chance_of_playing_this_round,now_cost,now_cost_rank,now_cost_rank_type,cost_change_event,cost_change_event_fall,cost_change_start,cost_change_start_fall,selected_by_percent,selected_rank,selected_rank_type,total_points,event_points,points_per_game,points_per_game_rank,points_per_game_rank_type,bonus,bps,form,form_rank,form_rank_type,value_form,value_season,dreamteam_count,transfers_in,transfers_in_event,transfers_out,transfers_out_event,ep_next,ep_this,expected_goals,expected_assists,expected_goal_involvements,expected_goals_conceded,expected_goals_per_90,expected_assists_per_90,expected_goal_involvements_per_90,expected_goals_conceded_per_90,influence,influence_rank,influence_rank_type,creativity,creativity_rank,creativity_rank_type,threat,threat_rank,threat_rank_type,ict_index,ict_index_rank,ict_index_rank_type,corners_and_indirect_freekicks_order,direct_freekicks_order,penalties_order,gw,set_piece_threat
17,a,,,8.0,13,8,0,0,0,0,3.0,103,33,116,0,3.9,56,28,11,529,0.0,648,288,0.0,14.5,0,0,0,0,0,3.1,,4.85,6.68,11.53,22.16,0.19,0.26,0.45,0.86,524.6,113,46,968.7,7,7,493.0,63,43,198.8,32,25,3.0,2.0,2.0,0,
19,a,,,7.0,38,26,0,0,0,0,1.6,144,50,125,0,3.8,64,32,6,422,0.0,633,280,0.0,17.9,0,0,0,0,0,2.8,,7.13,4.46,11.59,26.22,0.28,0.18,0.46,1.03,559.8,103,41,587.8,51,44,912.0,16,8,206.1,26,21,,,,0,
20,a,,,7.0,28,17,0,0,0,0,1.7,140,48,152,0,4.0,45,23,18,561,0.0,623,271,0.0,21.7,0,0,0,0,0,2.8,,6.74,4.12,10.86,24.76,0.24,0.15,0.39,0.88,609.0,84,33,617.6,49,42,798.0,25,14,202.1,29,23,,,4.0,0,
21,a,,,6.5,50,36,0,0,0,0,7.6,55,17,127,0,3.6,79,39,17,627,0.0,597,252,0.0,19.5,0,0,0,0,0,2.7,,3.51,5.64,9.14,27.13,0.11,0.18,0.29,0.86,733.0,44,12,959.6,9,9,399.0,80,56,208.8,24,19,2.0,1.0,,0,
22,a,,,6.0,87,62,0,0,0,0,0.8,206,67,92,0,3.3,112,53,8,326,0.0,565,232,0.0,15.3,0,0,0,0,0,2.6,,5.75,1.18,6.93,15.71,0.33,0.07,0.4,0.9,456.8,136,57,265.8,137,96,511.0,58,40,123.3,99,65,,,,0,
24,a,,,5.5,122,80,0,0,0,0,0.7,220,72,107,0,3.1,127,60,7,580,0.0,469,171,0.0,19.5,0,0,0,0,0,2.5,,4.23,1.38,5.61,44.54,0.14,0.04,0.18,1.42,735.4,42,11,333.0,105,76,409.0,75,52,147.9,74,52,,,,0,
25,a,,,5.5,187,120,0,0,0,0,0.6,243,79,66,0,2.5,189,81,4,251,0.0,534,211,0.0,12.0,0,0,0,0,0,2.5,,1.19,1.78,2.97,5.38,0.12,0.18,0.3,0.55,293.2,203,96,282.8,130,91,255.0,115,79,83.0,161,89,4.0,3.0,,0,
26,a,,,5.5,180,117,0,0,0,0,1.9,133,43,0,0,0.0,647,290,0,0,0.0,527,208,0.0,0.0,0,0,0,0,0,2.5,,0.0,0.0,0.0,0.0,0.0,0.0,0.0,0.0,0.0,647,290,0.0,647,290,0.0,645,288,0.0,647,290,,,,0,
27,a,,,5.0,243,154,0,0,0,0,0.2,442,141,27,0,2.2,220,96,2,143,0.0,356,99,0.0,5.4,0,0,0,0,0,2.0,,1.07,0.96,2.03,6.13,0.2,0.18,0.38,1.14,131.6,287,136,223.9,158,110,195.0,156,102,55.1,226,120,,,,0,
30,a,,,7.5,21,9,0,0,0,0,2.2,125,24,97,0,4.2,35,9,14,343,0.0,640,62,0.0,12.9,0,0,0,0,0,2.9,,9.53,1.65,11.18,19.32,0.46,0.08,0.54,0.93,467.6,135,15,269.0,134,15,711.0,33,14,144.8,76,15,,,,0,
15,a,,,4.0,617,183,0,0,0,0,0.3,368,148,0,0,0.0,457,175,0,0,0.0,77,42,0.0,0.0,0,0,0,0,0,1.5,,0.0,0.0,0.0,0.0,0.0,0.0,0.0,0.0,0.0,453,174,0.0,443,172,0.0,414,166,0.0,453,174,,,,0,
9,a,,,5.5,166,21,0,0,0,0,0.1,526,199,43,0,2.5,187,65,2,178,0.0,513,202,0.0,7.8,0,0,0,0,0,3.8,,0.17,0.29,0.46,14.71,0.01,0.02,0.03,1.19,267.2,214,77,91.3,244,82,32.0,286,102,39.2,261,88,,,,0,
16,a,,,10.0,5,3,0,0,0,0,17.8,21,7,127,0,5.1,11,6,18,508,0.0,659,297,0.0,12.7,0,0,0,0,0,3.5,,6.87,7.78,14.65,17.72,0.36,0.41,0.77,0.93,606.0,87,36,842.8,16,15,830.0,23,13,227.9,14,10,1.0,4.0,1.0,0,
1,a,,,5.5,124,4,0,0,0,0,18.4,17,2,142,0,3.7,68,11,10,555,0.0,471,74,0.0,25.8,0,0,0,0,0,4.5,,0.0,0.03,0.03,35.03,0.0,0.0,0.0,0.92,755.4,37,8,10.7,342,11,0.0,630,74,76.7,178,8,,,,0,
2,a,,,4.5,363,21,0,0,0,0,1.0,192,28,106,0,3.4,94,16,7,406,0.0,142,49,0.0,23.6,0,0,0,0,0,2.8,,0.06,0.03,0.09,38.83,0.0,0.0,0.0,1.25,744.4,38,9,10.4,344,12,4.0,333,1,75.8,183,9,,,,0,
6,a,,,6.0,100,7,0,0,0,0,13.2,32,12,130,0,3.7,70,11,14,564,0.0,578,219,0.0,21.7,0,0,0,0,0,4.5,,2.42,1.28,3.7,30.32,0.07,0.04,0.11,0.9,672.6,59,21,150.1,203,55,116.0,209,62,94.2,139,36,,,,0,
7,a,,,5.5,175,25,0,0,0,0,0.6,242,84,39,0,2.1,236,83,1,142,0.0,522,206,0.0,7.1,0,0,0,0,0,3.8,,0.86,0.69,1.55,10.28,0.08,0.06,0.14,0.95,252.6,222,80,118.2,221,65,176.0,167,35,54.6,230,68,,,,0,
10,a,,,5.5,186,28,0,0,0,0,6.5,60,23,37,0,1.6,297,105,0,237,0.0,533,209,0.0,6.7,0,0,0,0,0,3.8,,0.16,0.51,0.67,16.65,0.01,0.03,0.04,1.1,176.0,268,99,170.7,193,49,57.0,257,90,40.0,258,85,,,,0,
11,a,,,5.5,134,15,0,0,0,0,0.7,214,74,50,0,2.9,142,41,0,211,0.0,481,196,0.0,9.1,0,0,0,0,0,3.8,,0.46,1.3,1.76,16.88,0.03,0.1,0.13,1.27,247.6,225,82,162.6,197,51,100.0,222,72,51.0,237,72,,,,0,
12,a,,,5.0,248,38,0,0,0,0,0.3,350,138,40,0,2.7,167,53,2,141,0.0,361,168,0.0,8.0,0,0,0,0,0,3.1,,0.65,0.52,1.17,3.21,0.11,0.09,0.2,0.56,83.4,312,115,92.8,243,81,66.0,250,85,24.1,294,105,,,,0,
105,a,,,4.0,620,68,0,0,0,0,2.3,121,20,2,0,1.0,342,30,0,14,0.0,80,37,0.0,0.5,0,0,0,0,0,1.0,,0.0,0.0,0.0,1.49,0.0,0.0,0.0,0.93,21.4,352,28,0.1,376,17,0.0,417,39,2.1,366,28,,,,0,
375,a,,,5.0,314,58,0,0,0,0,0.7,216,74,41,0,2.2,223,79,3,160,0.0,427,188,0.0,8.2,0,0,0,0,0,3.6,,0.7,1.43,2.13,12.4,0.08,0.17,0.25,1.5,156.2,276,101,110.5,229,71,162.0,175,42,42.8,254,83,,,,0,
33,a,,,4.5,351,18,0,0,0,0,0.3,337,46,0,0,0.0,490,68,0,0,0.0,130,46,0.0,0.0,0,0,0,0,0,1.8,,0.0,0.0,0.0,0.0,0.0,0.0,0.0,0.0,0.0,487,68,0.0,480,61,0.0,457,48,0.0,487,68,,,,0,
34,a,,,4.0,595,57,0,0,0,0,1.0,186,28,0,0,0.0,437,52,0,0,0.0,55,26,0.0,0.0,0,0,0,0,0,0.5,,0.0,0.0,0.0,0.0,0.0,0.0,0.0,0.0,0.0,434,52,0.0,424,43,0.0,393,28,0.0,434,52,,,,0,
36,a,,,4.5,382,86,0,0,0,0,1.5,150,50,76,0,2.8,153,46,2,286,0.0,161,106,0.0,16.9,0,0,0,0,0,1.4,,0.48,1.23,1.71,28.64,0.02,0.05,0.07,1.25,359.2,173,61,181.0,185,43,171.0,170,38,71.3,191,60,,,,0,
37,a,,,4.5,357,68,0,0,0,0,1.5,152,52,89,0,2.8,150,43,7,383,0.0,136,88,0.0,19.8,0,0,0,0,0,1.4,,0.8,3.97,4.77,34.94,0.03,0.15,0.18,1.34,512.6,122,41,583.9,52,7,112.0,213,64,120.7,103,20,7.0,2.0,,0,
39,a,,,4.5,425,115,0,0,0,0,1.1,177,60,57,0,2.0,242,85,0,204,0.0,204,135,0.0,12.7,0,0,0,0,0,1.4,,0.87,2.43,3.3,17.31,0.07,0.19,0.26,1.38,252.0,223,81,293.4,125,25,197.0,153,28,74.3,187,56,,,,0,
40,a,,,4.5,370,78,0,0,0,0,0.4,274,96,47,0,3.4,95,17,5,207,0.0,149,98,0.0,10.4,0,0,0,0,0,1.4,,0.88,0.23,1.11,13.2,0.07,0.02,0.09,1.06,220.4,233,84,49.2,279,102,74.0,242,81,34.6,272,95,,,,0,
41,a,,,4.5,415,112,0,0,0,0,0.4,286,104,55,0,2.3,205,71,3,254,0.0,194,132,0.0,12.2,0,0,0,0,0,1.4,,0.51,0.43,0.94,29.69,0.02,0.02,0.04,1.32,350.6,181,64,84.5,247,85,102.0,218,68,54.0,232,69,,,,0,
44,a,,,4.0,623,187,0,0,0,0,0.3,338,128,6,0,0.8,383,135,0,22,0.0,83,46,0.0,1.5,0,0,0,0,0,0.5,,0.04,0.13,0.17,9.28,0.01,0.02,0.03,1.77,84.8,311,114,33.3,303,115,15.0,310,115,13.3,319,116,,,,0,
48,a,,,6.0,82,58,0,0,0,0,1.5,153,52,121,0,3.4,101,48,15,686,0.0,560,228,0.0,20.2,0,0,0,0,0,1.6,,3.31,5.83,9.14,43.87,0.1,0.17,0.27,1.31,799.6,29,7,963.1,8,8,333.0,93,64,209.6,23,18,3.0,,4.0,0,
49,a,,,5.5,145,95,0,0,0,0,0.4,276,92,47,0,2.0,251,114,2,174,0.0,492,186,0.0,8.5,0,0,0,0,0,1.5,,1.73,2.92,4.65,13.91,0.14,0.23,0.37,1.11,146.4,280,130,235.8,154,107,325.0,94,65,70.3,194,102,8.0,4.0,,0,
47,a,,,7.0,33,22,0,0,0,0,21.7,13,5,161,0,4.4,26,15,15,534,0.0,628,276,0.0,23.0,0,0,0,0,0,1.8,,6.49,5.24,11.73,43.7,0.19,0.15,0.34,1.26,731.6,45,13,722.7,32,29,689.0,38,24,214.3,19,14,,,,0,
51,a,,,5.5,176,114,0,0,0,0,0.0,643,285,0,0,0.0,646,289,0,0,0.0,523,205,0.0,0.0,0,0,0,0,0,1.5,,0.0,0.0,0.0,0.0,0.0,0.0,0.0,0.0,0.0,646,289,0.0,646,289,0.0,643,286,0.0,646,289,,,,0,
52,a,,,5.5,153,101,0,0,0,0,0.6,240,77,66,0,2.3,211,93,3,265,0.0,500,192,0.0,12.0,0,0,0,0,0,1.5,,1.59,2.18,3.77,23.99,0.09,0.12,0.21,1.34,235.4,228,109,307.9,120,86,245.0,120,81,78.7,172,94,,,,0,
53,a,,,5.5,138,92,0,0,0,0,0.7,230,75,34,0,2.4,196,84,3,112,0.0,485,183,0.0,6.2,0,0,0,0,0,1.5,,2.15,0.15,2.3,4.77,0.65,0.05,0.7,1.45,138.2,284,134,42.7,288,155,208.0,143,95,38.5,262,133,,,,0,
58,a,,,5.0,268,168,0,0,0,0,0.2,430,136,57,0,2.2,222,97,3,296,0.0,381,113,0.0,11.4,0,0,0,0,0,1.0,,0.82,0.83,1.65,23.03,0.04,0.04,0.08,1.21,326.6,194,90,191.0,180,122,83.0,237,132,60.2,220,117,,,,0,
59,a,,,5.0,291,182,0,0,0,0,1.8,137,46,65,0,2.5,184,78,5,324,0.0,404,127,0.0,13.0,0,0,0,0,0,1.0,,2.12,0.84,2.96,23.66,0.12,0.05,0.17,1.32,358.0,174,80,194.8,178,121,215.0,141,93,77.0,177,97,,,,0,
64,a,,,9.0,7,3,0,0,0,0,10.7,41,8,186,0,4.9,13,6,32,631,0.0,658,67,0.0,20.7,0,0,0,0,0,2.3,,15.12,2.07,17.19,38.62,0.52,0.07,0.59,1.34,766.0,34,6,345.2,102,9,1148.0,6,4,223.8,15,5,,,3.0,0,
106,a,,,5.0,283,50,0,0,0,0,1.4,154,53,127,0,3.3,109,25,11,549,0.0,396,180,0.0,25.4,0,0,0,0,0,2.6,,2.44,1.57,4.01,56.31,0.06,0.04,0.1,1.48,1023.2,6,1,160.5,199,53,311.0,96,8,149.6,72,8,,,,0,
107,a,,,5.0,277,49,0,0,0,0,0.4,308,115,94,0,2.5,183,63,0,460,0.0,390,179,0.0,18.8,0,0,0,0,0,2.6,,2.96,4.94,7.9,50.62,0.09,0.14,0.23,1.47,542.0,108,37,462.2,76,13,391.0,81,4,139.9,82,10,,4.0,,0,
109,a,,,4.5,381,85,0,0,0,0,0.2,437,178,4,0,0.8,386,137,0,5,0.0,160,105,0.0,0.9,0,0,0,0,0,1.9,,0.0,0.01,0.01,2.16,0.0,0.01,0.01,2.07,13.6,360,133,2.1,358,133,2.0,340,130,1.7,370,133,,,,0,
110,a,,,4.5,532,139,0,0,0,0,0.4,307,114,27,0,2.2,218,77,0,115,0.0,311,159,0.0,6.0,0,0,0,0,0,1.9,,0.19,0.7,0.89,6.66,0.03,0.12,0.15,1.15,105.2,303,110,105.2,234,75,30.0,288,103,24.2,293,104,,,,0,
113,a,,,4.5,427,117,0,0,0,0,0.4,285,103,62,0,2.0,243,86,1,266,0.0,206,137,0.0,13.8,0,0,0,0,0,1.9,,2.09,0.52,2.61,44.61,0.07,0.02,0.09,1.55,587.4,94,30,108.3,232,73,226.0,133,21,92.3,141,38,,,,0,
114,a,,,4.0,661,219,0,0,0,0,0.4,309,116,0,0,0.0,487,198,0,0,0.0,121,78,0.0,0.0,0,0,0,0,0,1.0,,0.0,0.0,0.0,0.0,0.0,0.0,0.0,0.0,0.0,484,198,0.0,475,197,0.0,452,196,0.0,484,198,,,,0,
116,a,,,4.0,600,173,0,0,0,0,1.0,184,62,0,0,0.0,441,165,0,0,0.0,60,32,0.0,0.0,0,0,0,0,0,1.0,,0.0,0.0,0.0,0.0,0.0,0.0,0.0,0.0,0.0,438,165,0.0,428,163,0.0,397,156,0.0,438,165,,,,0,
118,a,,,4.0,618,184,0,0,0,0,0.2,389,158,1,0,1.0,341,122,0,3,0.0,78,43,0.0,0.2,0,0,0,0,0,1.0,,0.0,0.0,0.0,0.14,0.0,0.0,0.0,3.15,0.2,389,142,0.3,371,140,0.0,415,167,0.1,389,142,,,,0,
120,a,,,7.0,41,29,0,0,0,0,2.4,118,37,149,0,3.9,55,27,12,498,0.0,636,283,0.0,21.3,0,0,0,0,0,2.3,,8.45,1.75,10.2,30.66,0.33,0.07,0.4,1.21,630.8,70,27,312.7,116,83,892.0,19,10,183.3,50,36,,,,0,
121,a,,,6.0,97,70,0,0,0,0,1.3,161,55,131,0,3.4,104,51,10,611,0.0,575,240,0.0,21.8,0,0,0,0,0,2.1,,2.91,7.01,9.92,45.6,0.09,0.22,0.31,1.41,714.8,48,15,1006.4,6,6,338.0,91,62,205.9,27,22,2.0,3.0,,0,
122,a,,,5.5,197,128,0,0,0,0,0.1,550,206,0,0,0.0,651,293,0,0,0.0,544,219,0.0,0.0,0,0,0,0,0,2.0,,0.0,0.0,0.0,0.0,0.0,0.0,0.0,0.0,0.0,651,293,0.0,651,293,0.0,649,291,0.0,651,293,,,,0,
124,a,,,5.0,208,135,0,0,0,0,0.5,262,88,0,0,0.0,591,247,0,0,0.0,321,80,0.0,0.0,0,0,0,0,0,1.5,,0.0,0.0,0.0,0.0,0.0,0.0,0.0,0.0,0.0,590,246,0.0,586,246,0.0,571,241,0.0,590,246,,,,0,
126,a,,,5.0,250,159,0,0,0,0,0.1,492,170,38,0,1.6,293,135,1,179,0.0,363,104,0.0,7.6,0,0,0,0,0,1.5,,0.23,1.75,1.98,16.41,0.02,0.19,0.21,1.75,157.0,274,128,249.5,147,101,32.0,282,150,43.8,251,129,3.0,,,0,
130,a,,,4.5,530,293,0,0,0,0,0.1,506,178,0,0,0.0,584,243,0,0,0.0,309,72,0.0,0.0,0,0,0,0,0,1.0,,0.0,0.0,0.0,0.0,0.0,0.0,0.0,0.0,0.0,583,242,0.0,579,242,0.0,564,237,0.0,583,242,,,,0,
131,a,,,4.5,539,299,0,0,0,0,0.2,441,142,10,0,1.0,366,168,0,30,0.0,318,78,0.0,2.2,0,0,0,0,0,1.0,,0.15,0.0,0.15,1.79,0.25,0.0,0.25,3.04,8.0,367,172,4.5,353,174,3.0,338,173,1.2,375,176,,,,0,
133,a,,,4.5,431,236,0,0,0,0,0.1,633,276,0,0,0.0,516,197,0,0,0.0,210,15,0.0,0.0,0,0,0,0,0,1.0,,0.0,0.0,0.0,0.0,0.0,0.0,0.0,0.0,0.0,513,196,0.0,509,196,0.0,489,188,0.0,513,196,,,,0,
134,a,,,4.5,523,289,0,0,0,0,0.1,615,259,1,0,1.0,363,166,0,5,0.0,302,68,0.0,0.2,0,0,0,0,0,1.0,,0.0,0.0,0.0,0.0,0.0,0.0,0.0,0.0,2.6,381,179,0.1,377,184,0.0,559,233,0.3,385,182,,,,0,
256,a,,,5.5,157,20,0,0,0,0,9.2,48,18,142,0,3.8,58,5,9,480,0.0,504,201,0.0,25.8,0,0,0,0,0,2.8,,4.92,3.46,8.38,46.3,0.14,0.1,0.24,1.29,816.6,25,9,634.2,43,6,524.0,55,1,197.6,34,1,,,,0,
257,a,,,5.0,287,51,0,0,0,0,0.9,204,69,114,0,3.3,110,26,9,463,0.0,400,181,0.0,22.8,0,0,0,0,0,2.1,,3.5,1.01,4.51,44.59,0.1,0.03,0.13,1.29,723.8,46,17,113.7,225,67,277.0,108,13,111.4,117,28,,,,0,
258,a,,,5.0,273,48,0,0,0,0,0.9,203,68,123,0,3.3,108,24,4,455,0.0,386,178,0.0,24.6,0,0,0,0,0,2.1,,1.31,3.67,4.98,46.45,0.04,0.11,0.15,1.35,630.8,69,24,559.1,59,9,170.0,171,39,136.2,86,12,,,,0,
259,a,,,5.0,261,42,0,0,0,0,0.1,488,190,0,0,0.0,599,219,0,0,0.0,374,172,0.0,0.0,0,0,0,0,0,2.1,,0.0,0.0,0.0,0.0,0.0,0.0,0.0,0.0,0.0,598,219,0.0,596,218,0.0,587,218,0.0,598,219,4.0,,,0,
260,a,,,4.5,388,91,0,0,0,0,13.7,28,10,116,0,3.4,96,18,11,492,0.0,167,111,0.0,25.8,0,0,0,0,0,1.4,,1.87,2.01,3.88,41.55,0.06,0.06,0.12,1.22,827.0,24,8,237.6,153,31,247.0,118,16,131.0,91,14,,,,0,
261,a,,,4.5,418,114,0,0,0,0,0.4,302,111,68,0,2.8,155,48,2,249,0.0,197,134,0.0,15.1,0,0,0,0,0,1.4,,1.33,0.6,1.93,29.78,0.06,0.03,0.09,1.4,470.8,133,48,45.0,285,104,181.0,166,34,69.6,197,61,,,,0,
263,a,,,4.0,543,142,0,0,0,0,0.7,221,76,18,0,1.4,308,109,0,48,0.0,3,1,0.0,4.5,0,0,0,0,0,0.5,,0.02,0.24,0.26,10.11,0.0,0.05,0.05,1.91,66.6,321,118,51.8,275,99,8.0,323,122,12.4,322,118,,,,0,
253,a,,,5.0,233,10,0,0,0,0,3.2,97,18,135,0,3.6,74,13,8,466,0.0,346,65,0.0,27.0,0,0,0,0,0,2.6,,0.01,0.02,0.03,50.33,0.0,0.0,0.0,1.32,853.6,17,4,30.0,308,3,4.0,336,2,88.6,147,4,,,,0,
265,a,,,4.0,654,212,0,0,0,0,0.2,423,172,2,0,1.0,350,130,0,1,0.0,114,71,0.0,0.5,0,0,0,0,0,0.5,,0.0,0.02,0.02,0.06,0.0,0.16,0.16,0.49,8.0,366,134,4.6,352,129,0.0,447,191,1.3,374,135,,,,0,
266,a,,,7.5,24,14,0,0,0,0,8.5,52,15,148,0,4.4,27,16,15,605,0.0,643,285,0.0,19.7,0,0,0,0,0,2.0,,10.39,4.67,15.06,35.03,0.36,0.16,0.52,1.22,685.0,54,18,849.2,13,12,691.0,37,23,222.4,16,11,1.0,1.0,1.0,0,
267,a,,,6.5,56,40,0,0,0,0,2.0,130,42,149,0,3.9,54,26,14,542,0.0,603,256,0.0,22.9,0,0,0,0,0,1.7,,10.82,6.82,17.64,38.63,0.36,0.23,0.59,1.28,675.0,57,21,618.0,48,41,866.0,20,11,215.9,18,13,,,,0,
269,a,,,5.0,338,217,0,0,0,0,0.3,372,115,22,0,3.1,126,59,3,72,0.0,451,162,0.0,4.4,0,0,0,0,0,1.0,,0.32,0.39,0.71,2.15,0.21,0.25,0.46,1.4,74.8,317,149,38.4,295,157,51.0,264,142,16.4,311,151,,,,0,
270,a,,,5.0,219,138,0,0,0,0,0.1,512,182,67,0,2.0,246,110,3,278,0.0,332,83,0.0,13.4,0,0,0,0,0,1.0,,1.09,2.64,3.73,31.64,0.05,0.11,0.16,1.36,335.2,191,87,462.6,75,61,90.0,231,128,87.5,151,86,2.0,,,0,
271,a,,,5.0,252,160,0,0,0,0,0.1,518,186,45,0,1.3,323,153,0,246,0.0,365,105,0.0,9.0,0,0,0,0,0,1.0,,1.12,1.55,2.67,25.74,0.07,0.09,0.16,1.5,219.2,236,113,314.1,115,82,145.0,186,110,68.2,202,107,5.0,,,0,
272,a,,,5.0,222,141,0,0,0,0,0.1,529,193,58,0,1.8,271,123,2,326,0.0,335,86,0.0,11.6,0,0,0,0,0,1.0,,1.07,1.75,2.82,33.55,0.04,0.07,0.11,1.33,401.4,155,70,190.2,181,123,197.0,154,100,78.7,171,93,,,,0,
273,a,,,5.0,317,198,0,0,0,0,0.7,225,74,42,0,2.1,232,102,0,244,0.0,430,143,0.0,8.4,0,0,0,0,0,1.0,,0.38,2.17,2.55,19.34,0.03,0.15,0.18,1.32,261.2,217,104,381.4,95,71,69.0,246,135,71.2,193,101,3.0,,,0,
276,a,,,4.5,449,244,0,0,0,0,1.6,146,50,34,0,1.5,300,140,1,129,0.0,228,23,0.0,7.6,0,0,0,0,0,0.5,,0.77,0.41,1.18,9.3,0.14,0.07,0.21,1.69,138.8,283,133,101.8,236,138,90.0,230,127,33.2,277,139,,2.0,,0,
278,a,,,4.5,432,237,0,0,0,0,0.1,481,163,0,0,0.0,517,198,0,0,0.0,211,16,0.0,0.0,0,0,0,0,0,0.5,,0.0,0.0,0.0,0.0,0.0,0.0,0.0,0.0,0.0,514,197,0.0,510,197,0.0,490,189,0.0,514,197,,,,0,
279,a,,,4.5,488,267,0,0,0,0,0.2,464,154,9,0,2.2,217,94,0,34,0.0,267,46,0.0,2.0,0,0,0,0,0,0.5,,0.28,0.18,0.46,0.4,0.48,0.31,0.79,0.69,48.4,331,155,1.2,361,176,66.0,249,137,11.5,324,154,,,,0,
281,a,,,4.5,479,262,0,0,0,0,0.1,638,280,0,0,0.0,545,219,0,0,0.0,258,41,0.0,0.0,0,0,0,0,0,0.5,,0.0,0.0,0.0,0.0,0.0,0.0,0.0,0.0,0.0,543,218,0.0,539,218,0.0,522,211,0.0,543,218,,,,0,
283,a,,,7.5,23,10,0,0,0,0,6.4,61,13,150,0,4.1,40,12,27,576,0.0,642,63,0.0,20.0,0,0,0,0,0,1.9,,13.77,2.28,16.05,37.94,0.47,0.08,0.55,1.29,671.6,60,7,405.4,91,4,800.0,24,11,187.3,45,9,,,2.0,0,
284,a,,,5.5,140,28,0,0,0,0,1.6,145,27,53,0,1.8,273,27,4,186,0.0,487,33,0.0,9.6,0,0,0,0,0,1.3,,5.94,0.83,6.77,14.29,0.53,0.07,0.6,1.26,192.2,258,21,163.7,195,21,475.0,64,19,82.5,162,20,,,,0,
275,a,,,4.5,440,241,0,0,0,0,0.1,629,273,0,0,0.0,524,202,0,0,0.0,219,20,0.0,0.0,0,0,0,0,0,0.5,,0.0,0.0,0.0,0.0,0.0,0.0,0.0,0.0,0.0,521,201,0.0,517,201,0.0,497,193,0.0,521,201,,,,0,
339,a,,,4.5,419,26,0,0,0,0,1.3,159,23,0,0,0.0,507,70,0,0,0.0,198,54,0.0,0.0,0,0,0,0,0,1.8,,0.0,0.0,0.0,0.0,0.0,0.0,0.0,0.0,0.0,504,70,0.0,500,66,0.0,480,55,0.0,504,70,,,,0,
341,a,,,4.0,544,34,0,0,0,0,8.6,50,8,0,0,0.0,397,33,0,0,0.0,4,3,0.0,0.0,0,0,0,0,0,0.5,,0.0,0.0,0.0,0.0,0.0,0.0,0.0,0.0,0.0,393,32,0.0,380,20,0.0,346,5,0.0,393,32,,,,0,
342,a,,,4.5,400,101,0,0,0,0,1.0,191,64,0,0,0.0,503,208,0,0,0.0,179,121,0.0,0.0,0,0,0,0,0,1.4,,0.0,0.0,0.0,0.0,0.0,0.0,0.0,0.0,0.0,500,208,0.0,495,207,0.0,474,206,0.0,500,208,,,,0,
343,a,,,4.5,397,98,0,0,0,0,0.5,263,93,0,0,0.0,501,206,0,0,0.0,176,118,0.0,0.0,0,0,0,0,0,1.4,,0.0,0.0,0.0,0.0,0.0,0.0,0.0,0.0,0.0,498,206,0.0,493,205,0.0,472,204,0.0,498,206,,,1.0,0,
344,s,0.0,,4.0,581,161,0,0,0,0,0.3,383,154,0,0,0.0,425,156,0,0,0.0,41,20,0.0,0.0,0,0,0,0,0,0.0,,0.0,0.0,0.0,0.0,0.0,0.0,0.0,0.0,0.0,422,156,0.0,412,154,0.0,380,146,0.0,422,156,,,,0,
345,a,,,4.0,583,163,0,0,0,0,0.4,319,120,0,0,0.0,426,157,0,0,0.0,43,22,0.0,0.0,0,0,0,0,0,0.5,,0.0,0.0,0.0,0.0,0.0,0.0,0.0,0.0,0.0,423,157,0.0,413,155,0.0,381,147,0.0,423,157,,,,0,
346,a,,,4.0,554,145,0,0,0,0,0.4,294,108,0,0,0.0,403,143,0,0,0.0,14,4,0.0,0.0,0,0,0,0,0,0.5,,0.0,0.0,0.0,0.0,0.0,0.0,0.0,0.0,0.0,399,143,0.0,388,141,0.0,354,131,0.0,399,143,,,,0,
347,a,,,4.0,577,158,0,0,0,0,1.7,139,47,0,0,0.0,421,153,0,0,0.0,37,17,0.0,0.0,0,0,0,0,0,0.5,,0.0,0.0,0.0,0.0,0.0,0.0,0.0,0.0,0.0,418,153,0.0,408,151,0.0,376,143,0.0,418,153,,,,0,
348,a,,,4.0,566,151,0,0,0,0,1.8,135,46,0,0,0.0,412,147,0,0,0.0,26,10,0.0,0.0,0,0,0,0,0,0.5,,0.0,0.0,0.0,0.0,0.0,0.0,0.0,0.0,0.0,409,147,0.0,398,145,0.0,365,136,0.0,409,147,,,,0,
351,a,,,5.5,185,119,0,0,0,0,0.9,199,66,0,0,0.0,648,291,0,0,0.0,532,210,0.0,0.0,0,0,0,0,0,1.5,,0.0,0.0,0.0,0.0,0.0,0.0,0.0,0.0,0.0,648,291,0.0,648,291,0.0,646,289,0.0,648,291,,,,0,
352,a,,,5.5,147,97,0,0,0,0,0.2,403,127,81,0,2.4,198,86,4,291,0.0,494,188,0.0,14.7,0,0,0,0,0,1.5,,3.54,3.12,6.66,31.23,0.15,0.14,0.29,1.36,277.0,211,102,527.7,64,51,288.0,106,73,108.6,120,73,,,,0,
353,a,,,5.5,135,89,0,0,0,0,1.1,174,61,0,0,0.0,636,282,0,0,0.0,482,180,0.0,0.0,0,0,0,0,0,1.5,,0.0,0.0,0.0,0.0,0.0,0.0,0.0,0.0,0.0,636,282,0.0,636,282,0.0,633,279,0.0,636,282,2.0,,,0,
354,a,,,5.0,240,152,0,0,0,0,0.2,457,149,0,0,0.0,597,251,0,0,0.0,353,97,0.0,0.0,0,0,0,0,0,1.0,,0.0,0.0,0.0,0.0,0.0,0.0,0.0,0.0,0.0,596,250,0.0,594,250,0.0,583,245,0.0,596,250,,,,0,
356,a,,,5.0,309,193,0,0,0,0,0.1,546,203,0,0,0.0,617,266,0,0,0.0,422,138,0.0,0.0,0,0,0,0,0,1.0,,0.0,0.0,0.0,0.0,0.0,0.0,0.0,0.0,0.0,617,266,0.0,616,266,0.0,609,263,0.0,617,266,1.0,1.0,,0,
357,a,,,5.0,284,178,0,0,0,0,0.1,486,166,0,0,0.0,607,258,0,0,0.0,397,123,0.0,0.0,0,0,0,0,0,1.0,,0.0,0.0,0.0,0.0,0.0,0.0,0.0,0.0,0.0,607,258,0.0,604,257,0.0,596,253,0.0,607,258,,,,0,
358,a,,,5.0,275,173,0,0,0,0,0.6,244,80,0,0,0.0,602,255,0,0,0.0,388,118,0.0,0.0,0,0,0,0,0,1.0,,0.0,0.0,0.0,0.0,0.0,0.0,0.0,0.0,0.0,601,254,0.0,599,254,0.0,590,249,0.0,601,254,,,,0,
359,a,,,4.5,486,266,0,0,0,0,0.1,542,201,0,0,0.0,551,223,0,0,0.0,265,45,0.0,0.0,0,0,0,0,0,0.5,,0.0,0.0,0.0,0.0,0.0,0.0,0.0,0.0,0.0,549,222,0.0,545,222,0.0,528,215,0.0,549,222,,,,0,
362,a,,,5.5,155,30,0,0,0,0,3.7,87,17,0,0,0.0,639,62,0,0,0.0,502,35,0.0,0.0,0,0,0,0,0,1.3,,0.0,0.0,0.0,0.0,0.0,0.0,0.0,0.0,0.0,639,62,0.0,639,62,0.0,636,62,0.0,639,62,,3.0,2.0,0,
365,a,,,5.0,235,40,0,0,0,0,1.0,181,33,0,0,0.0,596,55,0,0,0.0,348,23,0.0,0.0,0,0,0,0,0,0.9,,0.0,0.0,0.0,0.0,0.0,0.0,0.0,0.0,0.0,595,55,0.0,592,55,0.0,581,55,0.0,595,55,,,,0,
493,a,,,5.0,236,150,0,0,0,0,0.4,295,95,34,0,1.4,316,147,0,131,0.0,349,95,0.0,6.8,0,0,0,0,0,1.0,,0.6,0.22,0.82,11.32,0.07,0.03,0.1,1.3,117.2,293,141,78.4,253,142,76.0,241,133,27.3,288,143,,,,0,
366,a,,,5.5,116,2,0,0,0,0,10.2,42,7,112,0,4.0,41,7,9,451,0.0,463,72,0.0,20.4,0,0,0,0,0,5.0,,0.0,0.2,0.2,27.1,0.0,0.01,0.01,0.97,628.8,72,12,13.0,333,10,0.0,627,72,64.0,211,12,,,,0,
367,a,,,4.5,429,27,0,0,0,0,0.7,229,31,0,0,0.0,514,71,0,0,0.0,208,55,0.0,0.0,0,0,0,0,0,3.3,,0.0,0.0,0.0,0.0,0.0,0.0,0.0,0.0,0.0,511,71,0.0,507,67,0.0,487,56,0.0,511,71,,,,0,
369,a,,,4.0,558,45,0,0,0,0,0.1,487,67,0,0,0.0,406,41,0,0,0.0,18,14,0.0,0.0,0,0,0,0,0,2.0,,0.0,0.0,0.0,0.0,0.0,0.0,0.0,0.0,0.0,403,41,0.0,392,31,0.0,358,16,0.0,403,41,,,,0,
370,a,,,6.0,93,4,0,0,0,0,28.4,8,2,0,0,0.0,656,221,0,0,0.0,571,216,0.0,0.0,0,0,0,0,0,5.0,,0.0,0.0,0.0,0.0,0.0,0.0,0.0,0.0,0.0,656,221,0.0,656,221,0.0,655,221,0.0,656,221,,,,0,
371,a,,,6.0,108,9,0,0,0,0,13.1,32,12,134,0,3.5,90,15,10,550,0.0,586,221,0.0,22.3,0,0,0,0,0,5.0,,0.6,2.57,3.17,48.69,0.02,0.07,0.09,1.31,694.0,51,18,642.0,42,5,238.0,124,18,157.3,64,6,,,,0,
372,a,,,6.0,81,2,0,0,0,0,2.4,116,40,91,0,2.8,162,52,4,397,0.0,559,214,0.0,15.2,0,0,0,0,0,5.0,,1.12,4.27,5.39,26.9,0.04,0.16,0.2,0.98,395.4,159,54,668.7,38,4,182.0,165,33,124.4,97,18,4.0,,,0,
373,a,,,6.0,78,1,0,0,0,0,18.7,17,7,143,0,3.9,51,4,8,631,0.0,556,213,0.0,23.8,0,0,0,0,0,5.0,,2.22,0.98,3.2,36.13,0.06,0.03,0.09,0.98,932.6,12,2,206.6,170,37,299.0,104,10,143.7,79,9,,3.0,,0,
374,a,,,5.5,139,16,0,0,0,0,2.6,110,35,106,0,3.4,99,21,4,487,0.0,486,197,0.0,19.3,0,0,0,0,0,4.3,,1.8,0.91,2.71,26.67,0.06,0.03,0.09,0.94,578.0,98,34,161.4,198,52,133.0,193,53,87.6,150,43,,,,0,
376,a,,,5.0,231,36,0,0,0,0,0.2,455,185,14,0,1.6,291,104,0,83,0.0,344,166,0.0,2.8,0,0,0,0,0,3.6,,0.33,0.09,0.42,5.38,0.06,0.02,0.08,0.94,130.4,289,104,38.5,293,108,58.0,255,88,22.8,299,109,,,,0,
377,a,,,5.0,256,40,0,0,0,0,0.1,513,197,43,0,2.4,191,66,3,217,0.0,369,170,0.0,8.6,0,0,0,0,0,3.6,,0.39,2.32,2.71,9.03,0.04,0.25,0.29,0.98,202.0,249,91,260.7,141,28,60.0,252,86,52.5,234,70,3.0,,,0,
378,a,,,4.0,659,217,0,0,0,0,0.2,436,177,0,0,0.0,485,196,0,0,0.0,119,76,0.0,0.0,0,0,0,0,0,2.0,,0.0,0.0,0.0,0.0,0.0,0.0,0.0,0.0,0.0,482,196,0.0,473,195,0.0,450,194,0.0,482,196,,,,0,
381,a,,,14.5,1,1,0,0,0,0,57.3,2,1,344,0,9.1,1,1,55,1133,0.0,663,299,0.0,23.7,0,0,0,0,0,5.0,,24.7,8.99,33.69,37.83,0.66,0.24,0.9,1.01,1577.0,1,1,1199.2,3,3,1985.0,1,1,476.0,1,1,,4.0,1.0,0,
382,a,,,8.5,10,7,0,0,0,0,36.2,4,3,0,0,0.0,662,299,0,0,0.0,655,295,0.0,0.0,0,0,0,0,0,3.7,,0.0,0.0,0.0,0.0,0.0,0.0,0.0,0.0,0.0,662,299,0.0,662,299,0.0,662,299,0.0,662,299,,,,0,
384,a,,,7.5,26,16,0,0,0,0,1.8,136,45,127,0,3.6,83,42,22,572,0.0,645,287,0.0,16.9,0,0,0,0,0,3.5,,7.12,3.76,10.87,21.51,0.33,0.18,0.51,1.01,597.0,91,39,517.7,66,53,686.0,39,25,180.3,51,37,,,2.0,0,
385,a,,,6.5,55,39,0,0,0,0,0.1,614,258,7,0,1.2,331,157,0,16,0.0,602,255,0.0,1.1,0,0,0,0,0,3.2,,0.34,0.15,0.49,2.8,0.3,0.13,0.43,2.45,9.0,364,171,23.5,318,165,36.0,276,147,6.7,348,166,,,,0,
387,a,,,6.5,60,43,0,0,0,0,1.4,158,54,143,0,4.0,42,21,14,605,0.0,607,259,0.0,22.0,0,0,0,0,0,3.2,,6.94,6.06,13.0,26.78,0.25,0.22,0.47,0.97,589.8,92,40,794.8,19,18,601.0,49,32,198.1,33,26,5.0,2.0,,0,
388,a,,,5.5,141,93,0,0,0,0,0.1,511,181,87,0,2.6,175,75,4,396,0.0,488,184,0.0,15.8,0,0,0,0,0,3.0,,4.34,1.46,5.8,23.35,0.23,0.08,0.31,1.23,397.2,158,73,343.7,104,75,400.0,79,55,113.6,115,71,,,,0,
389,a,,,5.5,170,111,0,0,0,0,0.3,378,118,33,0,1.8,275,126,3,120,0.0,517,202,0.0,6.0,0,0,0,0,0,3.0,,1.78,0.64,2.42,6.14,0.45,0.16,0.61,1.54,118.6,292,140,145.8,207,127,143.0,187,111,40.4,256,132,,,,0,
390,s,0.0,,5.5,168,109,0,0,0,0,0.1,530,194,92,0,2.5,188,80,1,568,0.0,515,200,0.0,16.7,0,0,0,0,0,0.0,,1.13,3.5,4.63,33.06,0.03,0.1,0.13,0.94,550.6,105,43,473.9,74,60,121.0,204,117,114.7,114,70,,,,0,
391,a,,,5.0,316,197,0,0,0,0,0.1,621,265,0,0,0.0,621,269,0,0,0.0,429,142,0.0,0.0,0,0,0,0,0,2.5,,0.0,0.0,0.0,0.0,0.0,0.0,0.0,0.0,0.0,621,269,0.0,620,269,0.0,613,266,0.0,621,269,,,,0,
392,a,,,5.0,226,145,0,0,0,0,0.1,533,195,21,0,1.1,334,158,0,82,0.0,339,90,0.0,4.2,0,0,0,0,0,2.5,,0.0,0.09,0.09,4.25,0.0,0.03,0.03,1.48,57.6,326,152,38.2,296,158,6.0,331,172,10.0,332,161,,,,0,
395,a,,,4.5,422,232,0,0,0,0,0.0,646,287,0,0,0.0,510,193,0,0,0.0,201,11,0.0,0.0,0,0,0,0,0,2.0,,0.0,0.0,0.0,0.0,0.0,0.0,0.0,0.0,0.0,507,192,0.0,503,192,0.0,483,184,0.0,507,192,,,,0,
396,a,,,4.5,524,290,0,0,0,0,0.1,600,248,0,0,0.0,580,240,0,0,0.0,303,69,0.0,0.0,0,0,0,0,0,2.0,,0.0,0.0,0.0,0.0,0.0,0.0,0.0,0.0,0.0,579,239,0.0,575,239,0.0,560,234,0.0,579,239,,,,0,
397,a,,,6.5,63,18,0,0,0,0,2.2,124,24,66,0,2.2,226,23,6,244,0.0,610,54,0.0,10.2,0,0,0,0,0,3.2,,5.76,0.51,6.27,16.85,0.47,0.04,0.51,1.36,263.8,216,19,151.6,202,22,404.0,78,21,81.2,166,21,,,,0,
431,a,,,5.0,293,15,0,0,0,0,0.5,247,35,8,0,2.0,248,26,0,22,0.0,406,70,0.0,1.6,0,0,0,0,0,2.6,,0.0,0.0,0.0,6.93,0.0,0.0,0.0,1.73,80.0,314,24,0.0,608,74,0.0,601,70,7.9,342,24,,,,0,
434,a,,,4.0,541,32,0,0,0,0,0.4,311,43,0,0,0.0,395,31,0,0,0.0,1,1,0.0,0.0,0,0,0,0,0,0.5,,0.0,0.0,0.0,0.0,0.0,0.0,0.0,0.0,0.0,391,30,0.0,378,18,0.0,344,3,0.0,391,30,,,,0,
436,a,,,5.0,251,39,0,0,0,0,0.8,206,70,68,0,2.3,208,72,3,312,0.0,364,169,0.0,13.6,0,0,0,0,0,2.1,,2.48,0.25,2.73,38.53,0.11,0.01,0.12,1.64,518.4,117,40,88.7,245,83,303.0,100,9,91.5,143,40,,,,0,
438,a,,,5.0,269,47,0,0,0,0,1.1,175,58,88,0,2.4,192,67,5,410,0.0,382,177,0.0,17.6,0,0,0,0,0,2.1,,0.69,1.87,2.56,46.26,0.02,0.06,0.08,1.47,619.4,80,28,332.7,106,21,123.0,203,61,107.5,123,32,,,,0,
439,a,,,4.5,540,141,0,0,0,0,0.2,445,180,0,0,0.0,590,218,0,0,0.0,319,161,0.0,0.0,0,0,0,0,0,1.4,,0.0,0.0,0.0,0.0,0.0,0.0,0.0,0.0,0.0,589,218,0.0,585,217,0.0,570,217,0.0,589,218,,,,0,
440,a,,,4.5,392,95,0,0,0,0,2.8,106,34,95,0,2.9,138,38,9,352,0.0,171,115,0.0,21.1,0,0,0,0,0,1.4,,1.96,2.35,4.31,46.95,0.06,0.08,0.14,1.5,493.2,128,46,434.2,81,14,264.0,113,14,118.6,107,23,,,,0,
441,a,,,4.5,528,138,0,0,0,0,1.6,142,48,18,0,1.5,303,108,1,108,0.0,307,158,0.0,4.0,0,0,0,0,0,1.4,,0.43,1.27,1.7,10.26,0.05,0.14,0.19,1.1,106.4,302,109,175.3,189,47,112.0,214,65,39.4,260,87,,,,0,
442,a,,,4.5,355,66,0,0,0,0,0.6,235,80,48,0,1.8,267,94,3,217,0.0,134,86,0.0,10.7,0,0,0,0,0,1.4,,1.82,0.25,2.07,26.83,0.09,0.01,0.1,1.38,411.4,153,53,111.5,227,69,237.0,125,19,76.1,179,52,,,,0,
443,a,,,4.5,360,70,0,0,0,0,0.2,435,176,5,0,0.7,390,140,0,38,0.0,139,90,0.0,1.1,0,0,0,0,0,1.4,,0.03,0.77,0.8,3.81,0.01,0.2,0.21,0.99,48.2,332,123,68.2,263,92,11.0,320,121,12.7,320,117,3.0,,,0,
444,a,,,4.5,497,135,0,0,0,0,1.0,182,61,22,0,1.0,358,132,0,90,0.0,276,155,0.0,4.9,0,0,0,0,0,1.4,,0.7,0.15,0.85,19.35,0.05,0.01,0.06,1.5,207.4,246,89,55.8,272,96,54.0,260,93,31.8,280,99,,,,0,
446,a,,,4.0,633,196,0,0,0,0,0.2,424,173,2,0,1.0,346,126,0,16,0.0,93,55,0.0,0.5,0,0,0,0,0,0.5,,0.0,0.02,0.02,2.94,0.0,0.01,0.01,1.59,37.4,341,128,4.9,351,128,2.0,339,129,4.4,356,129,,,,0,
447,a,,,4.0,656,214,0,0,0,0,2.5,112,37,10,0,2.5,178,58,2,47,0.0,116,73,0.0,2.5,0,0,0,0,0,0.5,,0.12,0.01,0.13,1.69,0.06,0.01,0.07,0.9,43.4,334,125,12.9,334,124,8.0,324,123,6.4,349,128,,,,0,
449,a,,,9.0,6,4,0,0,0,0,9.5,46,14,174,0,4.8,14,8,28,810,0.0,657,296,0.0,19.3,0,0,0,0,0,2.3,,9.93,7.89,17.82,45.85,0.3,0.24,0.54,1.37,1017.8,7,4,1407.7,1,1,587.0,50,33,300.8,4,4,1.0,1.0,1.0,0,
450,a,,,8.0,16,11,0,0,0,0,13.0,34,9,178,0,5.4,8,4,41,838,0.0,651,291,0.0,22.2,0,0,0,0,0,2.1,,8.73,5.29,14.02,44.53,0.3,0.18,0.48,1.54,936.2,11,5,847.8,14,13,940.0,15,7,272.2,7,5,,,,0,
452,a,,,6.5,71,52,0,0,0,0,3.5,89,26,129,0,5.0,12,7,17,569,0.0,618,268,0.0,19.8,0,0,0,0,0,1.7,,4.71,3.98,8.69,31.71,0.22,0.19,0.41,1.5,634.0,68,26,687.2,36,32,615.0,48,31,193.8,38,30,2.0,,,0,
455,a,,,6.0,85,60,0,0,0,0,0.1,495,172,25,0,1.5,307,145,0,74,0.0,563,230,0.0,4.2,0,0,0,0,0,1.6,,3.37,0.57,3.94,8.24,0.49,0.08,0.57,1.21,104.0,306,146,140.0,210,129,218.0,138,91,45.6,247,128,,,,0,
457,a,,,5.5,112,76,0,0,0,0,0.2,463,153,48,0,2.0,250,113,3,300,0.0,459,167,0.0,8.7,0,0,0,0,0,1.5,,1.8,1.99,3.79,24.0,0.11,0.12,0.23,1.45,433.2,144,64,348.2,101,73,265.0,112,77,104.8,126,76,,,,0,
458,a,,,5.0,325,205,0,0,0,0,0.9,195,65,42,0,1.7,285,131,0,229,0.0,438,150,0.0,8.4,0,0,0,0,0,1.0,,0.84,1.78,2.62,25.23,0.05,0.1,0.15,1.38,196.6,254,119,250.8,145,100,137.0,190,113,58.8,221,118,,,,0,
459,a,,,5.0,270,169,0,0,0,0,0.2,407,129,49,0,1.7,284,130,1,318,0.0,383,114,0.0,9.8,0,0,0,0,0,1.0,,1.0,0.67,1.67,29.54,0.05,0.03,0.08,1.5,313.6,200,95,195.9,177,120,113.0,212,122,62.1,217,115,,,,0,
460,a,,,4.5,453,246,0,0,0,0,0.3,384,121,6,0,1.0,353,160,0,40,0.0,232,25,0.0,1.3,0,0,0,0,0,0.5,,0.08,0.37,0.45,3.09,0.04,0.19,0.23,1.6,40.4,338,156,29.9,309,161,8.0,325,168,7.9,341,164,,,,0,
462,a,,,4.5,490,269,0,0,0,0,0.1,636,279,0,0,0.0,554,225,0,0,0.0,269,48,0.0,0.0,0,0,0,0,0,0.5,,0.0,0.0,0.0,0.0,0.0,0.0,0.0,0.0,0.0,552,224,0.0,548,224,0.0,531,217,0.0,552,224,,,,0,
465,a,,,6.5,72,20,0,0,0,0,0.9,198,39,78,0,2.4,202,20,8,246,0.0,619,56,0.0,12.0,0,0,0,0,0,1.7,,5.1,1.14,6.24,30.44,0.23,0.05,0.28,1.37,187.0,261,23,254.7,144,16,432.0,71,20,86.3,154,19,,,,0,
467,a,,,4.5,526,67,0,0,0,0,6.5,59,12,7,0,1.0,364,36,0,21,0.0,305,19,0.0,1.6,0,0,0,0,0,0.5,,0.66,0.03,0.69,3.7,0.37,0.02,0.39,2.08,8.2,365,32,5.1,350,34,46.0,269,30,5.4,353,32,,,,0,
469,a,,,5.0,216,8,0,0,0,0,4.0,84,14,102,0,3.6,73,12,2,384,0.0,329,63,0.0,20.4,0,0,0,0,0,3.6,,0.0,0.0,0.0,34.94,0.0,0.0,0.0,1.25,666.0,63,11,10.0,348,16,0.0,575,64,67.4,203,11,,,,0,
470,a,,,4.0,545,35,0,0,0,0,11.2,38,6,44,0,4.4,24,4,2,160,0.0,5,4,0.0,11.0,0,0,0,0,0,1.5,,0.0,0.0,0.0,11.19,0.0,0.0,0.0,1.12,220.2,234,19,0.0,381,21,0.0,347,6,22.0,301,19,,,,0,
474,a,,,5.5,117,12,0,0,0,0,2.0,129,43,118,0,3.5,87,14,4,440,0.0,464,193,0.0,21.5,0,0,0,0,0,3.8,,3.94,1.01,4.95,37.26,0.12,0.03,0.15,1.14,743.2,39,14,111.5,228,70,346.0,89,7,119.6,104,21,,2.0,4.0,0,
475,a,,,5.0,262,43,0,0,0,0,0.5,259,91,18,0,2.2,221,78,0,95,0.0,375,173,0.0,3.6,0,0,0,0,0,3.1,,0.59,0.22,0.81,5.07,0.13,0.05,0.18,1.11,110.4,299,106,28.4,310,117,96.0,225,74,23.6,297,108,,,,0,
476,a,,,5.0,211,33,0,0,0,0,3.0,101,33,115,0,3.1,123,32,9,476,0.0,324,163,0.0,23.0,0,0,0,0,0,3.1,,1.97,1.09,3.06,45.22,0.05,0.03,0.08,1.22,736.6,41,16,123.6,218,64,297.0,105,11,115.8,111,26,,,,0,
478,a,,,5.0,210,32,0,0,0,0,1.2,169,56,72,0,2.9,140,39,8,287,0.0,323,162,0.0,14.4,0,0,0,0,0,3.1,,0.12,1.44,1.56,17.05,0.01,0.1,0.11,1.18,319.4,197,71,406.8,89,17,33.0,281,101,76.1,181,54,1.0,1.0,,0,
479,a,,,4.5,366,75,0,0,0,0,0.1,584,211,17,0,1.4,309,110,0,55,0.0,145,95,0.0,3.8,0,0,0,0,0,2.4,,0.04,0.04,0.08,6.5,0.01,0.01,0.02,1.75,59.2,324,120,19.7,327,121,13.0,315,118,9.3,333,120,,,,0,
480,a,,,4.5,356,67,0,0,0,0,0.1,528,200,0,0,0.0,491,200,0,0,0.0,135,87,0.0,0.0,0,0,0,0,0,2.4,,0.0,0.0,0.0,0.0,0.0,0.0,0.0,0.0,0.0,488,200,0.0,482,199,0.0,459,198,0.0,488,200,,,,0,
481,a,,,4.0,632,195,0,0,0,0,0.8,212,71,0,0,0.0,466,182,0,0,0.0,92,54,0.0,0.0,0,0,0,0,0,1.5,,0.0,0.0,0.0,0.0,0.0,0.0,0.0,0.0,0.0,463,182,0.0,454,181,0.0,428,177,0.0,463,182,,,,0,
484,a,,,4.0,561,148,0,0,0,0,0.5,255,89,2,0,1.0,338,120,0,7,0.0,21,7,0.0,0.5,0,0,0,0,0,1.5,,0.0,0.07,0.07,0.26,0.0,0.32,0.32,1.17,5.0,372,137,5.6,349,127,0.0,361,134,1.0,377,136,,,,0,
485,a,,,7.5,25,15,0,0,0,0,2.9,104,34,124,0,3.6,82,41,9,476,0.0,644,286,0.0,16.5,0,0,0,0,0,3.0,,8.19,4.8,12.99,32.62,0.3,0.18,0.48,1.21,537.0,111,45,777.3,23,22,655.0,43,27,196.8,36,28,3.0,,3.0,0,
486,a,,,7.0,39,27,0,0,0,0,9.8,44,13,153,0,4.0,46,24,15,535,0.0,634,281,0.0,21.9,0,0,0,0,0,2.8,,4.81,5.12,9.93,38.74,0.17,0.18,0.35,1.4,627.0,75,30,785.4,21,20,582.0,51,34,199.8,30,24,,,,0,
487,a,,,6.5,49,35,0,0,0,0,0.5,265,89,130,0,3.9,53,25,13,442,0.0,596,251,0.0,20.0,0,0,0,0,0,2.7,,6.45,4.4,10.85,24.32,0.33,0.23,0.56,1.25,522.2,115,48,407.1,88,69,701.0,35,21,163.1,60,43,,,,0,
488,a,,,6.5,52,37,0,0,0,0,1.3,162,56,135,0,3.6,80,40,10,661,0.0,599,253,0.0,20.8,0,0,0,0,0,2.7,,4.34,5.32,9.66,43.41,0.12,0.15,0.27,1.19,723.0,47,14,796.0,18,17,454.0,66,45,197.5,35,27,,,,0,
489,a,,,6.5,45,31,0,0,0,0,2.7,108,35,159,0,4.5,21,11,11,601,0.0,592,247,0.0,24.5,0,0,0,0,0,2.7,,5.89,6.14,12.03,28.19,0.22,0.23,0.45,1.08,713.4,49,16,625.2,47,40,519.0,56,38,185.6,47,35,,,,0,
491,a,,,5.5,160,104,0,0,0,0,2.3,120,39,106,0,2.9,144,66,10,536,0.0,507,195,0.0,19.3,0,0,0,0,0,2.5,,4.46,2.77,7.23,33.18,0.15,0.09,0.24,1.14,539.4,110,44,496.3,72,58,299.0,103,72,133.5,88,59,4.0,5.0,,0,
494,a,,,5.0,242,153,0,0,0,0,0.2,439,141,46,0,1.4,317,148,0,139,0.0,355,98,0.0,9.2,0,0,0,0,0,2.0,,1.65,0.93,2.58,15.01,0.14,0.08,0.22,1.27,172.8,269,125,273.8,133,93,197.0,155,101,63.9,213,113,,,,0,
497,a,,,4.5,492,271,0,0,0,0,3.1,98,30,21,0,1.5,302,141,1,88,0.0,271,50,0.0,4.7,0,0,0,0,0,1.5,,0.57,0.3,0.87,5.68,0.17,0.09,0.26,1.68,87.4,310,148,33.5,302,159,45.0,270,144,16.7,309,150,,,,0,
498,a,,,4.5,436,239,0,0,0,0,0.2,458,150,0,0,0.0,521,200,0,0,0.0,215,18,0.0,0.0,0,0,0,0,0,1.5,,0.0,0.0,0.0,0.0,0.0,0.0,0.0,0.0,0.0,518,199,0.0,514,199,0.0,494,191,0.0,518,199,,,,0,
500,a,,,5.5,196,36,0,0,0,0,0.2,471,64,19,0,1.4,321,28,1,59,0.0,543,41,0.0,3.5,0,0,0,0,0,2.3,,0.16,0.05,0.21,3.18,0.12,0.04,0.16,2.31,42.4,336,29,25.1,316,30,37.0,275,31,10.5,330,29,,,,0,
501,a,,,4.5,529,68,0,0,0,0,0.3,354,57,0,0,0.0,583,52,0,0,0.0,308,20,0.0,0.0,0,0,0,0,0,1.5,,0.0,0.0,0.0,0.0,0.0,0.0,0.0,0.0,0.0,582,52,0.0,578,52,0.0,563,52,0.0,582,52,,,,0,
504,a,,,4.0,572,49,0,0,0,0,1.4,156,22,0,0,0.0,416,44,0,0,0.0,32,18,0.0,0.0,0,0,0,0,0,1.0,,0.0,0.0,0.0,0.0,0.0,0.0,0.0,0.0,0.0,413,44,0.0,403,35,0.0,371,20,0.0,413,44,,,,0,
565,a,,,5.0,238,11,0,0,0,0,3.4,90,17,66,0,2.8,157,23,2,293,0.0,351,66,0.0,13.2,0,0,0,0,0,3.6,,0.0,0.0,0.0,33.6,0.0,0.0,0.0,1.4,587.8,93,15,0.0,593,72,0.0,582,66,58.5,223,16,,,,0,
566,a,,,4.0,567,48,0,0,0,0,0.3,335,45,1,0,1.0,339,29,0,7,0.0,27,17,0.0,0.2,0,0,0,0,0,1.5,,0.0,0.0,0.0,2.53,0.0,0.0,0.0,2.53,20.0,353,29,0.0,399,34,0.0,366,19,2.0,367,29,,,,0,
567,a,,,4.0,608,63,0,0,0,0,6.3,63,10,17,0,2.8,149,22,0,86,0.0,68,32,0.0,4.2,0,0,0,0,0,1.5,,0.0,0.01,0.01,11.8,0.0,0.0,0.0,1.97,208.2,244,20,10.1,345,13,0.0,405,34,21.7,303,20,,,,0,
568,a,,,5.5,167,22,0,0,0,0,9.8,45,17,98,0,3.0,135,37,6,456,0.0,514,203,0.0,17.8,0,0,0,0,0,3.8,,1.63,4.71,6.34,49.37,0.06,0.16,0.22,1.71,778.4,31,12,932.9,10,1,200.0,152,27,191.2,40,2,2.0,2.0,,0,
569,a,,,5.0,263,44,0,0,0,0,1.4,155,54,49,0,2.7,168,54,3,245,0.0,376,174,0.0,9.8,0,0,0,0,0,3.1,,1.52,0.81,2.33,19.31,0.1,0.05,0.15,1.23,343.2,185,67,113.1,226,68,232.0,129,20,69.0,199,62,,,,0,
570,a,,,4.5,368,77,0,0,0,0,0.1,476,188,16,0,1.6,289,102,0,104,0.0,147,97,0.0,3.6,0,0,0,0,0,2.4,,0.4,0.12,0.52,17.19,0.04,0.01,0.05,1.84,242.0,226,83,34.4,299,112,72.0,244,82,34.9,271,94,,,,0,
571,a,,,4.5,367,76,0,0,0,0,0.1,534,203,28,0,1.6,288,101,0,154,0.0,146,96,0.0,6.2,0,0,0,0,0,2.4,,0.27,0.5,0.77,25.79,0.02,0.03,0.05,1.75,343.6,184,66,42.1,289,106,49.0,266,95,43.7,252,82,,,,0,
573,a,,,4.5,409,107,0,0,0,0,0.4,277,97,51,0,2.0,241,84,6,216,0.0,188,127,0.0,11.3,0,0,0,0,0,2.4,,0.58,1.41,1.99,34.79,0.03,0.07,0.1,1.75,433.0,146,49,226.6,157,32,100.0,220,70,76.1,180,53,,,,0,
574,a,,,4.5,446,124,0,0,0,0,11.1,39,15,43,0,1.7,282,100,0,233,0.0,225,144,0.0,9.6,0,0,0,0,0,2.4,,0.31,1.22,1.53,33.28,0.01,0.06,0.07,1.56,354.8,178,62,256.5,143,29,132.0,194,54,74.5,186,55,,,,0,
575,a,,,4.5,456,127,0,0,0,0,13.1,33,13,32,0,2.5,181,61,2,139,0.0,235,147,0.0,7.1,0,0,0,0,0,2.4,,0.54,0.7,1.24,13.28,0.05,0.06,0.11,1.18,212.0,242,87,39.4,292,107,57.0,256,89,30.9,282,100,,,,0,
578,a,,,4.0,658,216,0,0,0,0,3.2,96,32,0,0,0.0,484,195,0,0,0.0,118,75,0.0,0.0,0,0,0,0,0,1.5,,0.0,0.0,0.0,0.0,0.0,0.0,0.0,0.0,0.0,481,195,0.0,472,194,0.0,449,193,0.0,481,195,,,,0,
580,a,,,7.0,32,21,0,0,0,0,3.3,93,29,137,0,4.2,34,19,13,461,0.0,627,275,0.0,19.6,0,0,0,0,0,2.8,,10.75,1.99,12.74,38.88,0.45,0.08,0.53,1.61,559.6,104,42,295.0,124,87,761.0,28,16,161.0,61,44,,,,0,
582,a,,,6.5,66,48,0,0,0,0,27.5,9,4,106,0,3.3,115,56,5,373,0.0,613,264,0.0,16.3,0,0,0,0,0,2.7,,6.97,2.67,9.64,43.46,0.24,0.09,0.33,1.51,471.6,132,55,552.5,60,49,752.0,30,18,177.5,54,39,,,,0,
584,a,,,6.5,73,53,0,0,0,0,0.2,446,144,42,0,3.2,122,58,2,151,0.0,620,269,0.0,6.5,0,0,0,0,0,2.7,,2.96,1.55,4.51,17.39,0.29,0.15,0.44,1.72,183.8,263,122,208.3,169,116,236.0,127,84,62.3,215,114,5.0,4.0,4.0,0,
585,a,,,5.5,137,91,0,0,0,0,0.1,508,179,49,0,1.9,264,120,1,293,0.0,484,182,0.0,8.9,0,0,0,0,0,2.5,,1.36,1.02,2.38,26.87,0.07,0.06,0.13,1.47,324.6,196,92,208.5,168,115,165.0,173,107,70.2,195,103,,,,0,
586,a,,,5.5,201,131,0,0,0,0,0.2,412,131,44,0,1.6,298,139,0,216,0.0,548,222,0.0,8.0,0,0,0,0,0,2.5,,0.71,0.82,1.53,24.33,0.05,0.06,0.11,1.82,237.2,227,108,218.7,159,111,97.0,224,123,55.0,227,121,,,,0,
587,a,,,5.5,149,98,0,0,0,0,0.1,490,168,50,0,1.8,274,125,4,258,0.0,496,189,0.0,9.1,0,0,0,0,0,2.5,,0.64,0.48,1.12,26.38,0.04,0.03,0.07,1.7,283.8,207,98,133.8,212,130,59.0,254,139,48.0,242,126,,,,0,
588,a,,,5.5,199,130,0,0,0,0,0.1,630,274,34,0,2.1,239,108,3,92,0.0,546,221,0.0,6.2,0,0,0,0,0,2.5,,1.63,0.76,2.39,16.29,0.17,0.08,0.25,1.74,101.2,308,147,108.6,231,136,156.0,181,108,36.7,265,134,,,,0,
579,a,,,8.5,8,5,0,0,0,0,3.1,99,31,129,0,4.3,30,18,12,543,0.0,653,293,0.0,15.2,0,0,0,0,0,3.2,,7.25,4.97,12.22,37.99,0.31,0.21,0.52,1.62,629.6,71,28,734.9,28,26,707.0,34,20,207.2,25,20,1.0,3.0,1.0,0,
591,a,,,5.0,328,208,0,0,0,0,0.2,402,126,45,0,1.6,296,138,0,253,0.0,441,153,0.0,9.0,0,0,0,0,0,2.0,,0.03,0.19,0.22,37.33,0.0,0.01,0.01,1.92,254.6,221,106,71.4,259,146,15.0,312,163,34.3,273,136,,,,0,
592,a,,,5.0,318,199,0,0,0,0,0.1,566,220,19,0,1.9,261,118,0,51,0.0,431,144,0.0,3.8,0,0,0,0,0,2.0,,0.2,0.56,0.76,6.87,0.05,0.14,0.19,1.72,33.2,343,159,45.2,284,154,34.0,278,148,11.0,326,156,,,,0,
593,a,,,5.0,306,191,0,0,0,0,0.8,211,71,71,0,2.0,249,112,4,365,0.0,419,136,0.0,14.2,0,0,0,0,0,2.0,,3.72,0.78,4.5,36.38,0.18,0.04,0.22,1.72,398.4,156,71,257.2,142,99,220.0,136,89,87.2,152,87,,,,0,
595,a,,,4.5,466,255,0,0,0,0,0.2,467,157,0,0,0.0,539,214,0,0,0.0,245,34,0.0,0.0,0,0,0,0,0,1.5,,0.0,0.0,0.0,0.0,0.0,0.0,0.0,0.0,0.0,536,213,0.0,532,213,0.0,513,205,0.0,536,213,,,,0,
596,a,,,7.5,19,7,0,0,0,0,17.8,22,5,108,0,4.0,47,14,7,404,0.0,638,60,0.0,14.4,0,0,0,0,0,2.9,,10.89,1.13,12.02,40.14,0.45,0.05,0.5,1.64,505.8,123,14,199.8,175,18,729.0,32,13,142.1,80,16,,,2.0,0,
597,a,,,6.5,53,16,0,0,0,0,0.9,192,37,35,0,2.3,214,22,0,138,0.0,600,52,0.0,5.4,0,0,0,0,0,2.7,,3.71,0.6,4.31,7.29,0.67,0.11,0.78,1.32,180.8,266,24,57.1,270,26,243.0,122,24,47.4,244,25,,,3.0,0,
598,a,,,4.5,500,59,0,0,0,0,0.5,269,50,3,0,1.0,359,35,0,7,0.0,279,11,0.0,0.7,0,0,0,0,0,1.5,,0.0,0.0,0.0,0.02,0.0,0.0,0.0,0.18,0.0,560,44,0.0,556,44,0.0,539,44,0.0,560,44,,,,0,
599,a,,,4.5,451,52,0,0,0,0,0.9,194,38,6,0,2.0,245,24,0,20,0.0,230,4,0.0,1.3,0,0,0,0,0,1.5,,0.04,0.0,0.04,0.83,0.12,0.0,0.12,2.41,24.4,348,30,11.0,339,33,17.0,308,33,5.2,354,33,,,,0,
