player_id,match_id,minutes_played,goals,assists,total_shots,xg,xa,shots_on_target,successful_dribbles,big_chances_missed,touches_opposition_box,touches,accurate_passes,accurate_passes_percent,chances_created,final_third_passes,accurate_crosses,accurate_crosses_percent,accurate_long_balls,accurate_long_balls_percent,tackles_won,interceptions,recoveries,blocks,clearances,headed_clearances,dribbled_past,duels_won,duels_lost,ground_duels_won,ground_duels_won_percent,aerial_duels_won,aerial_duels_won_percent,was_fouled,fouls_committed,saves,goals_conceded,xgot_faced,goals_prevented,sweeper_actions,gk_accurate_passes,gk_accurate_long_balls,dispossessed,high_claim,saves_inside_box,offsides,successful_dribbles_percent,tackles_won_percent,xgot,tackles,start_min,finish_min,team_goals_conceded,penalties_scored,penalties_missed,defensive_contributions
291,25-26-prem-everton-vs-arsenal,90,0,0,0,0.0,0.0508018,0,0,0,1,76,45,79,1.0,14,1,33,3,43,0,1,4,1,5,3,0,8,3,3,60,5,83,0,1,0,0,0.0,0.0,0,0,0,0.0,0,0,0,0.0,0.0,0.0,3,0,90,1,0,0,10
16,25-26-prem-everton-vs-arsenal,90,0,0,4,0.27,0.0628231,1,4,0,11,59,30,81,1.0,4,1,20,1,50,1,0,3,0,0,0,1,8,6,7,64,1,33,0,1,0,0,0.0,0.0,0,0,0,0.0,0,0,0,67,33,0.0,3,0,90,0,0,0,6
295,25-26-prem-everton-vs-arsenal,90,0,0,0,0.0,0.0028213,0,0,0,1,55,31,79,0.0,3,0,0.0,2,50,2,2,1,2,5,3,0,8,2,3,100,5,71,0,0,0,0,0.0,0.0,0,0,0,0.0,0,0,0,0.0,67,0.0,3,0,90,1,0,0,13
26,25-26-prem-everton-vs-arsenal,90,0,0,2,0.15,0.0261848,0,0,0,3,92,73,94,0.0,6,0,0.0,2,67,0,1,2,0,5,0,0,2,2,1,100,1,33,0,0,0,0,0.0,0.0,0,0,0,0.0,0,0,0,0.0,0.0,0.0,1,0,90,0,0,0,9
8,25-26-prem-everton-vs-arsenal,90,0,0,1,0.25,0.0664381,0,1,0,7,65,44,94,1.0,4,0,0.0,1,100,2,0,6,0,0,0,0,4,3,4,67,0,0.0,0,1,0,0,0.0,0.0,0,0,0,0.0,0,0,0,100,67,0.0,3,0,90,0,0,0,3
304,25-26-prem-everton-vs-arsenal,90,0,0,0,0.0,0.0062151,0,0,0,0,42,17,68,0.0,2,0,0.0,0,0.0,6,2,3,0,0,0,0,8,2,8,80,0,0.0,1,1,0,0,0.0,0.0,0,0,0,0.0,0,0,0,0.0,86,0.0,7,0,90,1,0,0,12
303,25-26-prem-everton-vs-arsenal,90,0,0,0,0.0,0.0304547,0,1,0,0,55,39,89,1.0,7,1,25,0,0.0,1,1,8,0,2,2,0,2,2,2,67,0,0.0,0,0,0,0,0.0,0.0,0,0,0,0.0,0,0,0,50,100,0.0,1,0,90,1,0,0,12
292,25-26-prem-everton-vs-arsenal,90,0,0,0,0.0,0.00930623,0,1,0,0,42,21,84,0.0,6,0,0.0,2,33,1,0,5,0,2,0,2,4,3,3,50,1,100,0,0,0,0,0.0,0.0,0,0,0,0.0,0,0,0,50,50,0.0,2,0,90,1,0,0,5
714,25-26-prem-newcastle-united-vs-chelsea,72,2,0,3,1.23,0.00064893,2,0,1,5,24,8,62,0.0,2,0,0.0,0,0.0,0,0,1,0,0,0,0,3,3,1,33,2,67,0,1,0,0,0.0,0.0,0,0,0,0.0,0,0,0,0.0,0.0,1.7629,1,0,0,2,0,0,2
220,25-26-prem-newcastle-united-vs-chelsea,90,0,1,0,0.0,0.00178371,0,0,0,0,51,17,40,1.0,7,0,0.0,8,24,0,0,4,0,2,0,0,1,0,1,100,0,0.0,1,0,3,2,2.67,0.67,1,16,10,0.0,1,0,0,0.0,0.0,0.0,0,0,90,2,0,0,0
241,25-26-prem-newcastle-united-vs-chelsea,90,0,0,1,0.02,0.0144628,0,2,0,0,70,47,85,0.0,3,0,0.0,0,0.0,3,5,9,0,0,0,1,9,5,9,69,0,0.0,4,3,0,0,0.0,0.0,0,0,0,0.0,0,0,0,100,100,0.0,3,0,90,2,0,0,17
249,25-26-prem-newcastle-united-vs-chelsea,90,1,0,2,0.57,0.0354552,1,1,0,2,29,14,67,2.0,3,0,0.0,0,0.0,0,0,0,0,3,2,0,7,4,2,67,5,63,1,1,0,0,0.0,0.0,0,0,0,0.0,0,0,0,100,0.0,0.5011,0,0,90,2,0,0,3
485,25-26-prem-newcastle-united-vs-chelsea,71,0,2,2,0.88,0.352031,2,0,2,4,36,13,81,2.0,4,2,40,1,100,1,0,3,0,1,0,1,5,1,5,83,0,0.0,3,0,0,0,0.0,0.0,0,0,0,0.0,0,0,0,0.0,50,0.4858,2,0,0,2,0,0,6
225,25-26-prem-newcastle-united-vs-chelsea,90,1,0,2,0.1,0.0691808,1,0,0,1,64,43,86,0.0,8,1,25,1,20,2,1,0,0,1,0,0,4,5,2,50,2,40,0,1,0,0,0.0,0.0,0,0,0,0.0,0,0,0,0.0,100,0.3319,2,0,90,2,0,0,4
453,25-26-prem-newcastle-united-vs-chelsea,90,0,0,5,0.33,0.0725079,1,3,0,9,50,25,89,2.0,0,0,0.0,1,100,0,1,6,0,0,0,1,6,6,5,56,1,33,2,1,0,0,0.0,0.0,0,0,0,0.0,0,0,0,75,0.0,0.1398,0,0,90,2,0,0,7
491,25-26-prem-newcastle-united-vs-chelsea,90,0,0,0,0.0,0.0499479,0,0,0,0,60,31,72,0.0,12,1,25,1,50,0,3,9,1,1,0,0,4,3,2,40,2,100,3,1,0,0,0.0,0.0,0,0,0,0.0,0,0,0,0.0,0.0,0.0,0,0,90,2,0,0,14
473,25-26-prem-newcastle-united-vs-chelsea,90,0,0,0,0.0,0.0178232,0,1,0,0,48,21,88,1.0,5,1,25,0,0.0,1,4,3,0,3,3,0,10,2,7,78,3,100,2,1,0,0,0.0,0.0,0,0,0,0.0,0,0,0,100,33,0.0,3,0,90,2,0,0,10
226,25-26-prem-newcastle-united-vs-chelsea,90,0,0,0,0.0,0.0069751,0,0,0,0,59,40,85,0.0,5,0,0.0,1,25,1,3,8,0,6,1,0,3,0,1,100,2,100,0,0,0,0,0.0,0.0,0,0,0,0.0,0,0,0,0.0,100,0.0,1,0,90,2,0,0,10
497,25-26-prem-newcastle-united-vs-chelsea,90,0,0,1,0.07,0.00647876,0,1,1,1,61,30,79,0.0,4,0,0.0,0,0.0,1,3,9,0,3,2,0,5,4,2,40,3,75,0,2,0,0,0.0,0.0,0,0,0,0.0,0,0,0,100,100,0.0,1,0,90,2,0,0,16
52,25-26-prem-newcastle-united-vs-chelsea,88,0,0,0,0.0,0.0312672,0,1,0,2,41,30,88,0.0,1,0,0.0,0,0.0,0,1,8,0,0,0,1,5,5,3,43,2,67,2,1,0,0,0.0,0.0,0,0,0,0.0,0,0,0,50,0.0,0.0,0,0,0,2,0,0,9
489,25-26-prem-newcastle-united-vs-chelsea,72,0,0,0,0.0,0.520523,0,1,0,0,38,14,61,3.0,0,3,38,1,50,0,0,2,0,1,1,1,1,4,1,25,0,0.0,0,0,0,0,0.0,0.0,0,0,0,0.0,0,0,0,100,0.0,0.0,0,0,0,2,0,0,3
674,25-26-prem-newcastle-united-vs-chelsea,90,0,0,0,0.0,0.00098521,0,0,0,0,48,20,54,1.0,7,0,0.0,6,27,0,0,6,0,1,0,0,0,0,0,0.0,0,0.0,0,0,2,2,1.78,-0.22,1,21,6,0.0,2,0,0,0.0,0.0,0.0,0,0,90,2,0,0,0
236,25-26-prem-newcastle-united-vs-chelsea,90,0,0,2,0.19,0.166254,1,2,0,5,43,27,84,2.0,2,1,25,1,50,0,0,6,0,0,0,0,3,7,3,43,0,0.0,1,2,0,0,0.0,0.0,0,0,0,0.0,0,0,0,67,0.0,0.4719,0,0,90,2,0,0,6
235,25-26-prem-newcastle-united-vs-chelsea,79,0,1,1,0.05,0.0162759,0,0,0,3,49,25,78,1.0,5,0,0.0,2,67,1,1,4,0,0,0,0,3,5,3,38,0,0.0,2,0,0,0,0.0,0.0,0,0,0,0.0,0,0,0,0.0,100,0.0,1,0,0,2,0,0,6
684,25-26-prem-newcastle-united-vs-chelsea,90,0,0,0,0.0,0.00100438,0,0,0,1,51,32,80,0.0,2,0,0.0,3,50,2,3,1,0,4,2,0,2,0,2,100,0,0.0,0,0,0,0,0.0,0.0,0,0,0,0.0,0,0,0,0.0,100,0.0,2,0,90,2,0,0,9
224,25-26-prem-newcastle-united-vs-chelsea,90,0,0,0,0.0,0.00759651,0,0,0,1,59,33,89,0.0,4,0,0.0,0,0.0,1,0,7,0,4,2,0,5,1,2,67,3,100,1,0,0,0,0.0,0.0,0,0,0,0.0,0,0,0,0.0,50,0.0,2,0,90,2,0,0,5
488,25-26-prem-newcastle-united-vs-chelsea,90,0,0,0,0.0,0.111476,0,1,0,0,58,38,86,1.0,6,1,33,3,60,1,0,6,0,1,0,1,5,9,5,42,0,0.0,2,4,0,0,0.0,0.0,0,0,0,0.0,0,0,0,100,50,0.0,2,0,90,2,0,0,9
230,25-26-prem-newcastle-united-vs-chelsea,90,0,0,0,0.0,0.00927807,0,1,0,1,59,45,94,0.0,5,0,0.0,0,0.0,1,1,4,0,3,2,0,4,6,2,50,2,33,0,1,0,0,0.0,0.0,0,0,0,0.0,0,0,0,100,100,0.0,1,0,90,2,0,0,5
237,25-26-prem-newcastle-united-vs-chelsea,36,0,0,0,0.0,0.0303009,0,0,0,0,28,16,84,2.0,2,0,0.0,0,0.0,0,0,2,0,3,1,1,0,6,0,0.0,0,0.0,0,2,0,0,0.0,0.0,0,0,0,0.0,0,0,0,0.0,0.0,0.0,0,0,90,2,0,0,5
246,25-26-prem-newcastle-united-vs-chelsea,11,0,0,0,0.0,0.0137219,0,0,0,0,8,5,100,1.0,3,0,0.0,0,0.0,0,0,1,0,0,0,0,1,1,1,100,0,0.0,0,1,0,0,0.0,0.0,0,0,0,0.0,0,0,0,0.0,0.0,0.0,1,0,90,2,0,0,2
487,25-26-prem-newcastle-united-vs-chelsea,18,0,0,1,0.17,0.00025518,0,0,1,3,7,2,100,0.0,1,0,0.0,0,0.0,1,0,1,0,0,0,0,1,1,1,50,0,0.0,0,0,0,0,0.0,0.0,0,0,0,0.0,0,0,0,0.0,100,0.0,1,0,90,2,0,0,2
474,25-26-prem-newcastle-united-vs-chelsea,90,0,0,3,0.1,0.0309863,1,0,0,3,46,31,86,0.0,1,0,0.0,1,25,0,0,2,3,4,3,1,6,9,1,20,5,50,2,2,0,0,0.0,0.0,0,0,0,0.0,0,0,0,0.0,0.0,0.0675,0,0,90,2,0,0,7
486,25-26-prem-newcastle-united-vs-chelsea,17,0,0,1,0.05,0.00060943,0,0,0,2,11,3,60,0.0,1,0,0.0,0,0.0,0,0,1,0,0,0,0,0,1,0,0.0,0,0.0,0,0,0,0,0.0,0.0,0,0,0,0.0,0,0,0,0.0,0.0,0.0,0,0,90,2,0,0,1
135,25-26-prem-newcastle-united-vs-chelsea,17,0,0,0,0.0,0.278424,0,0,0,0,4,3,75,0.0,0,0,0.0,0,0.0,0,0,1,0,0,0,0,0,4,0,0.0,0,0.0,0,1,0,0,0.0,0.0,0,0,0,0.0,0,0,0,0.0,0.0,0.0,0,0,90,2,0,0,1
228,25-26-prem-newcastle-united-vs-chelsea,53,0,0,0,0.0,0.0104214,0,0,0,0,26,14,88,0.0,0,0,0.0,0,0.0,0,1,1,0,3,0,0,0,2,0,0.0,0,0.0,0,2,0,0,0.0,0.0,0,0,0,0.0,0,0,0,0.0,0.0,0.0,0,0,0,2,0,0,4
494,25-26-prem-newcastle-united-vs-chelsea,1,0,0,0,0.0,0.00091596,0,0,0,1,6,2,100,0.0,0,0,0.0,0,0.0,1,0,0,0,0,0,0,1,0,1,100,0,0.0,0,0,0,0,0.0,0.0,0,0,0,0.0,0,0,0,0.0,100,0.0,1,0,90,2,0,0,1
430,25-26-prem-manchester-city-vs-west-ham-united,90,2,1,7,1.32,0.0707557,3,0,2,8,13,4,80,1.0,0,0,0.0,0,0.0,0,0,0,0,0,0,0,1,0,0,0.0,1,100,0,0,0,0,0.0,0.0,0,0,0,0.0,0,0,0,0.0,0.0,1.7328,0,0,90,0,0,0,0
736,25-26-prem-manchester-city-vs-west-ham-united,90,0,0,0,0.0,0.00009487,0,1,0,0,35,22,88,0.0,0,0,0.0,5,63,0,0,5,0,1,0,0,1,1,1,50,0,0.0,0,0,4,0,0.78,0.78,0,22,5,0.0,0,0,0,100,0.0,0.0,0,0,90,0,0,0,0
417,25-26-prem-manchester-city-vs-west-ham-united,66,0,0,0,0.0,0.552529,0,3,0,5,72,45,85,6.0,5,2,50,0,0.0,1,1,3,0,0,0,1,5,5,5,56,0,0.0,1,0,0,0,0.0,0.0,0,0,0,0.0,0,0,0,50,100,0.0,1,0,0,0,0,0,5
407,25-26-prem-manchester-city-vs-west-ham-united,90,0,0,0,0.0,0.0472839,0,3,0,3,132,100,94,0.0,11,1,33,4,80,2,1,6,0,1,1,0,11,6,10,67,1,50,2,2,0,0,0.0,0.0,0,0,0,0.0,0,0,0,60,40,0.0,5,0,90,0,0,0,8
427,25-26-prem-manchester-city-vs-west-ham-united,66,1,0,2,0.27,0.0194148,2,1,0,4,38,25,93,0.0,2,0,0.0,0,0.0,0,0,4,0,0,0,1,1,5,1,17,0,0.0,0,1,0,0,0.0,0.0,0,0,0,0.0,0,0,0,33,0.0,0.6199,0,0,0,0,0,0,4
403,25-26-prem-manchester-city-vs-west-ham-united,90,0,0,3,0.37,0.0231004,0,0,0,3,87,69,92,0.0,5,0,0.0,4,57,0,1,8,0,4,2,0,2,1,0,0.0,2,100,0,0,0,0,0.0,0.0,0,0,0,0.0,0,0,0,0.0,0.0,0.0,0,0,90,0,0,0,5
612,25-26-prem-manchester-city-vs-west-ham-united,77,0,0,1,0.04,0.15247,1,2,0,0,62,36,80,2.0,6,0,0.0,1,33,2,2,3,0,1,1,1,9,6,8,67,1,33,2,2,0,0,0.0,0.0,0,0,0,0.0,0,0,0,67,50,0.1021,4,0,0,3,0,0,10
708,25-26-prem-manchester-city-vs-west-ham-united,78,0,0,1,0.15,0.003848,0,2,0,0,57,36,90,0.0,2,0,0.0,3,100,2,2,4,0,1,0,1,7,1,7,88,0,0.0,3,0,0,0,0.0,0.0,0,0,0,0.0,0,0,0,100,100,0.0,2,0,0,3,0,0,8
408,25-26-prem-manchester-city-vs-west-ham-united,90,0,0,1,0.11,0.00516904,1,0,0,1,83,74,96,0.0,0,0,0.0,3,100,0,0,3,0,2,1,0,1,0,0,0.0,1,100,1,0,0,0,0.0,0.0,0,0,0,0.0,0,0,0,0.0,0.0,0.0723,0,0,90,0,0,0,1
414,25-26-prem-manchester-city-vs-west-ham-united,90,0,0,2,0.08,0.248179,1,1,0,3,79,57,93,2.0,6,1,14,1,100,0,0,3,0,0,0,1,3,5,3,38,0,0.0,1,1,0,0,0.0,0.0,0,0,0,0.0,0,0,0,100,0.0,0.1327,1,0,90,0,0,0,4
410,25-26-prem-manchester-city-vs-west-ham-united,23,0,0,0,0.0,0.28375,0,1,0,5,35,21,81,2.0,3,0,0.0,0,0.0,0,2,3,0,0,0,0,3,2,3,60,0,0.0,2,1,0,0,0.0,0.0,0,0,0,0.0,0,0,0,50,0.0,0.0,0,0,90,0,0,0,2
416,25-26-prem-manchester-city-vs-west-ham-united,74,0,0,0,0.0,0.0509094,0,0,0,0,92,77,94,0.0,8,1,100,4,100,1,1,7,0,0,0,2,3,7,3,33,0,0.0,1,2,0,0,0.0,0.0,0,0,0,0.0,0,0,0,0.0,50,0.0,2,0,0,0,0,0,10
423,25-26-prem-manchester-city-vs-west-ham-united,66,0,0,0,0.0,0.221512,0,0,0,0,86,72,92,0.0,6,1,100,1,33,0,2,2,0,0,0,1,2,3,1,25,1,100,1,2,0,0,0.0,0.0,0,0,0,0.0,0,0,0,0.0,0.0,0.0,0,0,0,0,0,0,4
623,25-26-prem-manchester-city-vs-west-ham-united,78,0,0,1,0.14,0.00455511,1,1,0,1,44,28,90,0.0,2,0,0.0,1,100,2,0,3,0,1,1,0,3,1,3,75,0,0.0,0,0,0,0,0.0,0.0,0,0,0,0.0,0,0,0,50,100,0.4568,2,0,0,3,0,0,6
718,25-26-prem-manchester-city-vs-west-ham-united,90,0,0,0,0.0,0.00947105,0,0,0,0,49,25,71,0.0,4,0,0.0,4,67,0,1,6,0,2,1,0,6,1,5,100,1,50,3,0,0,0,0.0,0.0,0,0,0,0.0,0,0,0,0.0,0.0,0.0,2,0,90,3,0,0,11
411,25-26-prem-manchester-city-vs-west-ham-united,90,0,0,0,0.0,0.108519,0,0,0,4,88,58,97,0.0,3,0,0.0,1,100,1,1,6,0,2,0,0,2,13,1,8,1,50,0,5,0,0,0.0,0.0,0,0,0,0.0,0,0,0,0.0,100,0.0,1,0,90,0,0,0,4
406,25-26-prem-manchester-city-vs-west-ham-united,23,0,0,0,0.0,0.0142593,0,0,0,0,37,32,94,0.0,3,0,0.0,2,100,1,0,1,0,0,0,1,1,1,1,50,0,0.0,0,0,0,0,0.0,0.0,0,0,0,0.0,0,0,0,0.0,100,0.0,1,0,90,0,0,0,1
747,25-26-prem-manchester-city-vs-west-ham-united,26,0,0,0,0.0,0.146775,0,0,0,1,15,6,60,1.0,1,1,100,2,50,0,1,2,0,1,0,0,0,0,0,0.0,0,0.0,0,0,0,0,0.0,0.0,0,0,0,0.0,0,0,0,0.0,0.0,0.0,0,0,90,3,0,0,1
415,25-26-prem-manchester-city-vs-west-ham-united,23,0,0,2,0.28,0.042829,1,0,1,4,22,17,89,0.0,1,0,0.0,0,0.0,0,0,2,0,0,0,0,0,1,0,0.0,0,0.0,0,1,0,0,0.0,0.0,0,0,0,0.0,0,0,0,0.0,0.0,0.2532,0,0,90,0,0,0,2
608,25-26-prem-manchester-city-vs-west-ham-united,63,0,0,0,0.0,0.00237513,0,0,0,0,46,26,84,0.0,3,0,0.0,0,0.0,3,1,5,0,1,1,3,5,5,5,50,0,0.0,0,2,0,0,0.0,0.0,0,0,0,0.0,0,0,0,0.0,60,0.0,5,0,0,3,0,0,7
618,25-26-prem-manchester-city-vs-west-ham-united,11,0,0,0,0.0,0.00020975,0,0,0,0,8,6,100,0.0,0,0,0.0,1,100,0,0,2,0,0,0,1,2,1,2,67,0,0.0,2,0,0,0,0.0,0.0,0,0,0,0.0,0,0,0,0.0,0.0,0.0,0,0,90,3,0,0,2
615,25-26-prem-manchester-city-vs-west-ham-united,78,0,0,1,0.07,0.00007945,1,1,1,3,30,7,54,0.0,1,0,0.0,0,0.0,1,2,4,0,0,0,1,4,6,4,40,0,0.0,2,2,0,0,0.0,0.0,0,0,0,0.0,0,0,0,33,100,0.2569,1,0,0,3,0,0,7
624,25-26-prem-manchester-city-vs-west-ham-united,90,0,0,2,0.55,0.0101259,0,2,1,6,27,12,67,0.0,1,0,0.0,0,0.0,0,0,3,0,0,0,0,2,2,2,50,0,0.0,0,0,0,0,0.0,0.0,0,0,0,0.0,0,0,0,100,0.0,0.0,0,0,90,3,0,0,3
739,25-26-prem-manchester-city-vs-west-ham-united,15,0,0,0,0.0,0.198962,0,0,0,0,17,15,94,1.0,1,0,0.0,0,0.0,0,0,1,0,0,0,0,0,2,0,0.0,0,0.0,0,1,0,0,0.0,0.0,0,0,0,0.0,0,0,0,0.0,0.0,0.0,0,0,90,0,0,0,1
600,25-26-prem-manchester-city-vs-west-ham-united,90,0,0,0,0.0,0.00029876,0,0,0,0,36,16,59,0.0,2,0,0.0,6,35,0,0,5,0,0,0,0,0,1,0,0.0,0,0.0,0,0,5,3,2.93,-0.07,0,16,6,0.0,0,0,0,0.0,0.0,0.0,0,0,90,3,0,0,0
606,25-26-prem-manchester-city-vs-west-ham-united,11,0,0,0,0.0,0.00015783,0,0,0,0,10,6,86,0.0,0,0,0.0,0,0.0,1,0,0,0,0,0,0,1,0,1,100,0,0.0,0,0,0,0,0.0,0.0,0,0,0,0.0,0,0,0,0.0,100,0.0,1,0,90,3,0,0,1
671,25-26-prem-manchester-city-vs-west-ham-united,11,0,0,1,0.07,0.0,0,0,0,1,2,0,0.0,0.0,0,0,0.0,0,0.0,0,0,0,0,0,0,1,1,1,0,0.0,1,100,0,0,0,0,0.0,0.0,0,0,0,0.0,0,0,0,0.0,0.0,0.0,0,0,90,3,0,0,0
613,25-26-prem-manchester-city-vs-west-ham-united,12,0,0,0,0.0,0.00346,0,0,0,0,8,4,80,0.0,1,0,0.0,0,0.0,0,0,1,0,0,0,0,0,3,0,0.0,0,0.0,0,1,0,0,0.0,0.0,0,0,0,0.0,0,0,0,0.0,0.0,0.0,0,0,90,3,0,0,1
609,25-26-prem-manchester-city-vs-west-ham-united,90,0,0,0,0.0,0.00086103,0,0,0,0,38,28,88,0.0,2,0,0.0,0,0.0,0,0,7,0,2,1,1,1,1,1,50,0,0.0,0,0,0,0,0.0,0.0,0,0,0,0.0,0,0,0,0.0,0.0,0.0,1,0,90,3,0,0,2
659,25-26-prem-manchester-city-vs-west-ham-united,90,0,0,0,0.0,0.00701239,0,0,0,0,72,38,88,0.0,1,0,0.0,0,0.0,4,4,2,0,1,0,1,8,4,8,73,0,0.0,3,1,0,0,0.0,0.0,0,0,0,0.0,0,0,0,0.0,80,0.0,5,0,90,3,0,0,10
605,25-26-prem-manchester-city-vs-west-ham-united,90,0,0,0,0.0,0.00177825,0,0,0,0,53,37,88,0.0,2,0,0.0,1,33,0,0,2,2,3,2,0,3,3,2,50,1,50,0,2,0,0,0.0,0.0,0,0,0,0.0,0,0,0,0.0,0.0,0.0,2,0,90,3,0,0,8
107,25-26-prem-wolverhampton-wanderers-vs-brentford,90,2,0,3,0.48,0.277525,3,1,0,8,45,17,77,1.0,1,0,0.0,0,0.0,0,1,2,0,0,0,1,5,7,4,40,1,50,2,1,0,0,0.0,0.0,0,0,0,0.0,0,0,0,25,0.0,0.8109,1,0,90,0,0,0,3
125,25-26-prem-wolverhampton-wanderers-vs-brentford,90,0,1,0,0.0,0.121799,0,0,0,1,93,57,81,1.0,9,2,33,4,44,3,3,11,0,3,1,1,7,4,5,63,2,67,2,1,0,0,0.0,0.0,0,0,0,0.0,0,0,0,0.0,100,0.0,3,0,90,0,0,0,20
101,25-26-prem-wolverhampton-wanderers-vs-brentford,90,0,0,0,0.0,0.0001215,0,0,0,0,38,22,71,0.0,2,0,0.0,4,31,0,0,2,0,4,0,0,0,1,0,0.0,0,0.0,0,1,2,0,0.99,0.99,0,22,4,0.0,0,0,0,0.0,0.0,0.0,0,0,90,0,0,0,0
129,25-26-prem-wolverhampton-wanderers-vs-brentford,90,0,0,0,0.0,0.162239,0,0,0,2,73,48,86,1.0,5,2,67,2,100,2,3,9,0,2,2,3,2,6,2,29,0,0.0,0,2,0,0,0.0,0.0,0,0,0,0.0,0,0,0,0.0,100,0.0,2,0,90,0,0,0,16
113,25-26-prem-wolverhampton-wanderers-vs-brentford,90,0,0,0,0.0,0.00304577,0,0,0,2,82,57,89,0.0,0,0,0.0,1,50,0,1,5,0,10,6,0,11,6,4,57,7,70,3,2,0,0,0.0,0.0,0,0,0,0.0,0,0,0,0.0,0.0,0.0,1,0,90,0,0,0,12
106,25-26-prem-wolverhampton-wanderers-vs-brentford,90,0,0,0,0.0,0.0548744,0,0,0,3,82,47,80,0.0,10,1,100,2,22,0,3,3,2,9,6,0,4,3,2,50,2,67,0,2,0,0,0.0,0.0,0,0,0,0.0,0,0,0,0.0,0.0,0.0,2,0,90,0,0,0,15
109,25-26-prem-wolverhampton-wanderers-vs-brentford,90,0,0,0,0.0,0.0882668,0,1,0,0,83,42,78,0.0,8,2,100,2,33,0,1,11,2,3,3,0,5,4,2,33,3,100,0,2,0,0,0.0,0.0,0,0,0,0.0,0,0,0,33,0.0,0.0,1,0,90,0,0,0,6
110,25-26-prem-wolverhampton-wanderers-vs-brentford,90,0,0,0,0.0,0.0963431,0,1,0,0,61,39,98,0.0,3,0,0.0,0,0.0,0,2,3,2,2,2,0,3,1,3,75,0,0.0,2,0,0,0,0.0,0.0,0,0,0,0.0,0,0,0,50,0.0,0.0,0,0,90,0,0,0,6
120,25-26-prem-wolverhampton-wanderers-vs-brentford,90,0,0,3,0.54,0.0325002,3,0,1,6,30,11,69,1.0,2,0,0.0,1,50,0,1,3,0,1,1,0,6,5,3,60,3,50,3,2,0,0,0.0,0.0,0,0,0,0.0,0,0,0,0.0,0.0,0.8894,0,0,90,0,0,0,5
632,25-26-prem-wolverhampton-wanderers-vs-brentford,89,0,0,2,0.03,0.0486671,0,0,0,3,49,27,77,1.0,6,1,100,0,0.0,1,1,6,0,3,1,0,6,2,3,75,3,75,1,1,0,0,0.0,0.0,0,0,0,0.0,0,0,0,0.0,50,0.0,2,0,0,2,0,0,6
638,25-26-prem-wolverhampton-wanderers-vs-brentford,80,0,0,0,0.0,0.0334354,0,1,0,0,57,19,70,1.0,5,0,0.0,1,33,2,1,4,0,6,4,0,5,4,5,83,0,0.0,1,1,0,0,0.0,0.0,0,0,0,0.0,0,0,0,100,67,0.0,3,0,0,2,0,0,10
121,25-26-prem-wolverhampton-wanderers-vs-brentford,26,0,1,1,0.26,0.0701415,0,0,1,2,21,12,86,1.0,1,1,100,1,100,1,0,2,0,1,0,0,2,2,1,50,1,50,0,0,0,0,0.0,0.0,0,0,0,0.0,0,0,0,0.0,100,0.0,1,0,90,0,0,0,4
126,25-26-prem-wolverhampton-wanderers-vs-brentford,63,0,0,0,0.0,0.778916,0,1,0,2,41,26,87,0.0,7,2,40,4,80,0,1,2,0,1,0,1,2,2,2,50,0,0.0,0,0,0,0,0.0,0.0,0,0,0,0.0,0,0,0,100,0.0,0.0,1,0,0,0,0,0,5
646,25-26-prem-wolverhampton-wanderers-vs-brentford,90,0,0,0,0.0,0.0374153,0,3,0,0,60,38,93,0.0,10,0,0.0,1,100,0,3,6,0,1,0,0,5,6,5,50,0,0.0,2,3,0,0,0.0,0.0,0,0,0,0.0,0,0,0,75,0.0,0.0,0,0,90,2,0,0,9
643,25-26-prem-wolverhampton-wanderers-vs-brentford,90,0,0,1,0.11,0.0161881,0,0,0,0,54,28,80,0.0,6,0,0.0,3,75,1,2,5,0,2,2,0,3,3,3,75,0,0.0,1,0,0,0,0.0,0.0,0,0,0,0.0,0,0,0,0.0,50,0.0,2,0,90,2,0,0,11
636,25-26-prem-wolverhampton-wanderers-vs-brentford,90,0,0,0,0.0,0.00104743,0,0,0,1,48,30,86,0.0,2,0,0.0,3,60,1,1,2,0,8,4,1,4,2,2,50,2,100,0,1,0,0,0.0,0.0,0,0,0,0.0,0,0,0,0.0,50,0.0,2,0,90,2,0,0,13
628,25-26-prem-wolverhampton-wanderers-vs-brentford,90,0,0,0,0.0,0.00075537,0,0,0,0,38,18,67,0.0,4,0,0.0,8,47,0,0,7,0,1,0,0,2,1,1,100,1,50,2,0,4,2,1.73,-0.27,1,18,8,0.0,0,0,0,0.0,0.0,0.0,0,0,90,2,0,0,0
749,25-26-prem-wolverhampton-wanderers-vs-brentford,25,0,0,0,0.0,0.11456,0,1,0,1,18,4,80,2.0,0,2,50,0,0.0,0,0,1,0,0,0,1,4,4,4,57,0,0.0,2,0,0,0,0.0,0.0,0,0,0,0.0,0,0,0,50,0.0,0.0,1,0,90,2,0,0,2
682,25-26-prem-wolverhampton-wanderers-vs-brentford,90,0,0,2,0.08,0.0509425,0,0,0,5,47,25,86,0.0,2,0,0.0,1,50,0,1,3,0,1,1,1,3,3,1,33,2,67,1,1,0,0,0.0,0.0,0,0,0,0.0,0,0,0,0.0,0.0,0.0,0,0,90,2,0,0,2
642,25-26-prem-wolverhampton-wanderers-vs-brentford,89,0,0,1,0.19,0.0156294,1,0,1,4,43,18,64,1.0,1,1,33,0,0.0,0,0,2,0,1,0,0,2,3,2,50,0,0.0,1,1,0,0,0.0,0.0,0,0,0,0.0,0,0,0,0.0,0.0,0.3007,1,0,0,2,0,0,4
136,25-26-prem-wolverhampton-wanderers-vs-brentford,90,0,0,0,0.0,0.00831193,0,0,0,1,20,10,71,0.0,1,0,0.0,0,0.0,0,1,0,0,0,0,0,0,8,0,0.0,0,0.0,0,2,0,0,0.0,0.0,0,0,0,0.0,0,0,0,0.0,0.0,0.0,0,0,90,0,0,0,1
645,25-26-prem-wolverhampton-wanderers-vs-brentford,64,0,0,0,0.0,0.00385929,0,0,0,1,30,9,53,0.0,4,0,0.0,0,0.0,0,0,2,0,1,1,0,3,5,2,40,1,33,2,1,0,0,0.0,0.0,0,0,0,0.0,0,0,0,0.0,0.0,0.0,0,0,0,2,0,0,3
654,25-26-prem-wolverhampton-wanderers-vs-brentford,90,0,0,2,0.82,0.00640565,1,0,1,4,37,15,71,0.0,3,0,0.0,1,100,1,0,1,0,5,4,1,6,10,1,14,5,56,0,3,0,0,0.0,0.0,0,0,0,0.0,0,0,0,0.0,100,0.6888,1,0,90,2,0,1,7
709,25-26-prem-wolverhampton-wanderers-vs-brentford,90,0,0,0,0.0,0.00926522,0,0,0,0,61,40,83,0.0,11,0,0.0,5,42,1,1,6,0,6,2,0,3,2,3,100,0,0.0,2,0,0,0,0.0,0.0,0,0,0,0.0,0,0,0,0.0,100,0.0,1,0,90,2,0,0,9
663,25-26-prem-wolverhampton-wanderers-vs-brentford,1,0,0,0,0.0,0.00483447,0,0,0,0,3,3,100,0.0,0,0,0.0,0,0.0,0,0,0,0,0,0,0,0,0,0,0.0,0,0.0,0,0,0,0,0.0,0.0,0,0,0,0.0,0,0,0,0.0,0.0,0.0,0,0,90,2,0,0,0
720,25-26-prem-wolverhampton-wanderers-vs-brentford,9,0,0,1,0.07,0.00133661,0,1,0,2,10,2,50,0.0,0,0,0.0,0,0.0,0,0,1,0,0,0,0,1,2,1,33,0,0.0,0,0,0,0,0.0,0.0,0,0,0,0.0,0,0,0,50,0.0,0.0,0,0,90,2,0,0,1
695,25-26-prem-wolverhampton-wanderers-vs-brentford,1,0,0,0,0.0,0.00012754,0,0,0,0,6,2,67,0.0,0,0,0.0,1,100,1,0,0,0,1,0,0,2,0,1,100,1,100,0,0,0,0,0.0,0.0,0,0,0,0.0,0,0,0,0.0,100,0.0,1,0,90,2,0,0,2
72,25-26-prem-afc-bournemouth-vs-burnley,90,0,0,1,0.38,0.488801,0,0,1,2,113,63,73,3.0,27,1,100,5,28,3,0,4,2,12,9,0,13,3,8,89,5,71,3,1,0,0,0.0,0.0,0,0,0,0.0,0,0,0,0.0,60,0.0,5,0,90,1,0,0,19
82,25-26-prem-afc-bournemouth-vs-burnley,90,1,0,3,0.13,0.486098,1,1,0,9,49,28,82,3.0,1,0,0.0,1,33,0,0,7,0,0,0,0,3,1,2,67,1,100,0,0,0,0,0.0,0.0,0,0,0,0.0,0,0,0,100,0.0,0.3567,1,0,90,1,0,0,8
74,25-26-prem-afc-bournemouth-vs-burnley,90,0,0,0,0.0,0.0269168,0,0,0,0,79,28,70,0.0,8,1,20,1,17,6,3,2,0,6,2,1,11,6,9,82,2,33,2,1,0,0,0.0,0.0,0,0,0,0.0,0,0,0,0.0,86,0.0,7,0,90,1,0,0,17
88,25-26-prem-afc-bournemouth-vs-burnley,90,0,0,0,0.0,0.0919828,0,1,0,0,73,51,91,1.0,5,2,50,0,0.0,1,1,7,0,5,4,0,6,5,3,60,3,50,0,1,0,0,0.0,0.0,0,0,0,0.0,0,0,0,100,50,0.0,2,0,90,1,0,0,15
713,25-26-prem-afc-bournemouth-vs-burnley,90,0,0,1,0.04,0.140063,0,1,0,2,65,38,84,1.0,6,2,40,4,100,2,1,7,0,0,0,0,3,4,3,50,0,0.0,0,2,0,0,0.0,0.0,0,0,0,0.0,0,0,0,100,100,0.0,2,0,3,1,0,0,3
190,25-26-prem-afc-bournemouth-vs-burnley,90,0,0,0,0.0,0.00257065,0,0,0,1,34,14,70,0.0,5,0,0.0,2,40,0,2,3,0,9,7,0,4,2,0,0.0,4,100,1,2,0,0,0.0,0.0,0,0,0,0.0,0,0,0,0.0,0.0,0.0,0,0,90,1,0,0,11
84,25-26-prem-afc-bournemouth-vs-burnley,90,0,0,2,0.1,0.0734303,0,0,0,3,77,44,75,1.0,8,0,0.0,2,33,1,0,5,0,0,0,0,5,2,5,83,0,0.0,4,1,0,0,0.0,0.0,0,0,0,0.0,0,0,0,0.0,100,0.0,1,0,2,1,0,0,6
195,25-26-prem-afc-bournemouth-vs-burnley,90,0,0,2,0.04,0.0294938,0,1,0,0,43,16,73,0.0,5,1,100,3,60,3,0,4,0,5,3,0,4,3,4,67,0,0.0,0,0,0,0,0.0,0.0,0,0,0,0.0,0,0,0,50,100,0.0,3,0,90,1,0,0,8
685,25-26-prem-afc-bournemouth-vs-burnley,90,0,0,0,0.0,0.0179179,0,0,0,0,76,67,94,0.0,6,0,0.0,0,0.0,0,0,2,0,4,1,0,1,0,0,0.0,1,100,0,0,0,0,0.0,0.0,0,0,0,0.0,0,0,0,0.0,0.0,0.0,0,0,90,1,0,0,4
206,25-26-prem-afc-bournemouth-vs-burnley,13,0,1,0,0.0,0.370316,0,0,0,3,9,3,50,1.0,0,1,100,0,0.0,0,0,2,0,0,0,1,0,3,0,0.0,0,0.0,0,0,0,0,0.0,0.0,0,0,0,0.0,0,0,0,0.0,0.0,0.0,0,0,90,1,0,0,2
205,25-26-prem-afc-bournemouth-vs-burnley,90,0,0,1,0.04,0.0115526,0,0,0,0,42,24,77,1.0,9,0,0.0,4,57,1,1,5,0,1,0,0,6,2,4,80,2,67,3,1,0,0,0.0,0.0,0,0,0,0.0,0,0,0,0.0,50,0.0,2,0,90,1,0,0,9
680,25-26-prem-afc-bournemouth-vs-burnley,25,1,0,1,0.3,0.00023577,1,0,0,2,13,1,25,0.0,0,0,0.0,0,0.0,0,0,1,0,0,0,0,1,5,0,0.0,1,25,0,0,0,0,0.0,0.0,0,0,0,0.0,0,0,0,0.0,0.0,0.9435,0,0,90,1,0,0,1
81,25-26-prem-afc-bournemouth-vs-burnley,63,0,0,1,0.08,0.040985,0,0,0,1,39,26,84,2.0,1,0,0.0,3,100,0,2,4,0,0,0,0,1,2,0,0.0,1,50,0,0,0,0,0.0,0.0,0,0,0,0.0,0,0,0,0.0,0.0,0.0,0,0,0,1,0,0,6
100,25-26-prem-afc-bournemouth-vs-burnley,26,0,0,1,0.05,0.00897557,0,1,0,6,18,5,63,1.0,0,0,0.0,0,0.0,0,1,2,0,1,1,0,2,1,1,50,1,100,0,0,0,0,0.0,0.0,0,0,0,0.0,0,0,0,100,0.0,0.0,0,0,90,1,0,0,4
67,25-26-prem-afc-bournemouth-vs-burnley,90,0,0,0,0.0,0.00026748,0,0,0,0,29,15,68,0.0,6,0,0.0,2,22,0,0,7,0,1,0,0,0,0,0,0.0,0,0.0,0,0,0,1,0.94,-0.06,1,15,2,0.0,1,0,0,0.0,0.0,0.0,0,0,90,1,0,0,0
199,25-26-prem-afc-bournemouth-vs-burnley,90,0,0,0,0.0,0.0108205,0,0,0,0,44,22,67,0.0,6,0,0.0,3,27,0,0,2,1,8,3,0,2,3,0,0.0,2,50,0,1,0,0,0.0,0.0,0,0,0,0.0,0,0,0,0.0,0.0,0.0,0,0,90,1,0,0,9
200,25-26-prem-afc-bournemouth-vs-burnley,76,0,0,0,0.0,0.00331869,0,0,0,4,37,9,64,0.0,2,0,0.0,1,50,1,0,5,1,1,0,1,6,5,6,55,0,0.0,4,1,0,0,0.0,0.0,0,0,0,0.0,0,0,0,0.0,50,0.0,2,0,0,1,0,0,10
470,25-26-prem-afc-bournemouth-vs-burnley,90,0,0,0,0.0,0.00236226,0,0,0,0,45,24,59,0.0,12,0,0.0,15,47,0,0,5,0,2,0,0,2,0,0,0.0,2,100,0,0,0,1,0.36,-0.64,1,24,15,0.0,0,0,0,0.0,0.0,0.0,0,0,90,1,0,0,0
676,25-26-prem-afc-bournemouth-vs-burnley,81,0,0,0,0.0,0.00308599,0,0,0,0,31,12,67,0.0,2,0,0.0,0,0.0,1,0,4,1,1,0,1,4,3,3,60,1,50,1,0,0,0,0.0,0.0,0,0,0,0.0,0,0,0,0.0,50,0.0,2,0,0,1,0,0,9
86,25-26-prem-afc-bournemouth-vs-burnley,73,0,0,6,0.9,0.0651574,0,0,1,9,39,20,80,1.0,4,0,0.0,0,0.0,1,0,2,0,0,0,1,3,9,2,20,1,50,1,2,0,0,0.0,0.0,0,0,0,0.0,0,0,0,0.0,100,0.0,1,0,0,1,0,0,3
215,25-26-prem-afc-bournemouth-vs-burnley,64,0,0,0,0.0,0.0601858,0,0,0,3,28,9,64,0.0,3,0,0.0,1,100,2,0,0,0,0,0,0,7,7,3,33,4,80,1,5,0,0,0.0,0.0,0,0,0,0.0,0,0,0,0.0,100,0.0,2,0,0,1,0,0,2
187,25-26-prem-afc-bournemouth-vs-burnley,76,0,0,0,0.0,0.0102964,0,0,0,1,51,17,65,0.0,8,0,0.0,0,0.0,1,1,3,0,3,1,1,4,5,2,29,2,100,1,1,0,0,0.0,0.0,0,0,0,0.0,0,0,0,0.0,100,0.0,1,0,0,1,0,0,5
202,25-26-prem-afc-bournemouth-vs-burnley,65,0,0,0,0.0,0.00101249,0,1,0,0,18,5,83,0.0,1,0,0.0,0,0.0,0,2,4,0,0,0,0,2,9,1,14,1,25,0,0,0,0,0.0,0.0,0,0,0,0.0,0,0,0,17,0.0,0.0,0,0,0,1,0,0,6
210,25-26-prem-afc-bournemouth-vs-burnley,24,0,0,0,0.0,0.00181722,0,0,0,0,13,5,63,0.0,2,0,0.0,1,50,0,0,1,0,1,0,0,0,1,0,0.0,0,0.0,0,0,0,0,0.0,0.0,0,0,0,0.0,0,0,0,0.0,0.0,0.0,0,0,90,1,0,0,2
197,25-26-prem-afc-bournemouth-vs-burnley,13,0,0,0,0.0,0.00056011,0,0,0,0,8,1,50,0.0,0,0,0.0,0,0.0,0,0,0,0,2,0,0,0,1,0,0.0,0,0.0,0,0,0,0,0.0,0.0,0,0,0,0.0,0,0,0,0.0,0.0,0.0,0,0,90,1,0,0,2
87,25-26-prem-afc-bournemouth-vs-burnley,16,0,0,0,0.0,0.0142496,0,0,0,0,14,8,89,0.0,2,0,0.0,1,100,1,0,1,0,0,0,0,1,3,1,25,0,0.0,0,1,0,0,0.0,0.0,0,0,0,0.0,0,0,0,0.0,100,0.0,1,0,90,1,0,0,2
97,25-26-prem-afc-bournemouth-vs-burnley,62,0,0,0,0.0,0.0390908,0,0,0,4,20,8,73,2.0,0,0,0.0,0,0.0,1,0,0,0,0,0,0,1,7,1,25,0,0.0,0,2,0,0,0.0,0.0,0,0,0,0.0,0,0,0,0.0,100,0.0,1,0,0,1,0,0,1
98,25-26-prem-afc-bournemouth-vs-burnley,27,0,0,0,0.0,0.00045503,0,0,0,0,7,2,67,0.0,0,0,0.0,0,0.0,0,0,0,0,1,1,0,1,4,1,100,0,0.0,1,0,0,0,0.0,0.0,0,0,0,0.0,0,0,0,0.0,0.0,0.0,0,0,90,1,0,0,1
209,25-26-prem-afc-bournemouth-vs-burnley,90,0,0,0,0.0,0.00144758,0,0,0,2,42,15,63,0.0,2,0,0.0,0,0.0,0,3,4,0,3,1,0,5,1,3,75,2,100,0,0,0,0,0.0,0.0,0,0,0,0.0,0,0,0,0.0,0.0,0.0,3,0,90,1,0,0,15
214,25-26-prem-afc-bournemouth-vs-burnley,8,0,0,0,0.0,0.0000112,0,0,0,1,5,1,100,0.0,0,0,0.0,0,0.0,0,0,0,0,0,0,0,0,1,0,0.0,0,0.0,0,0,0,0,0.0,0.0,0,0,0,0.0,0,0,0,0.0,0.0,0.0,0,0,90,1,0,0,0
697,25-26-prem-afc-bournemouth-vs-burnley,1,0,0,1,0.03,0.0,0,0,0,1,2,0,0.0,0.0,0,0,0.0,0,0.0,0,0,0,0,0,0,0,0,0,0,0.0,0,0.0,0,0,0,0,0.0,0.0,0,0,0,0.0,0,0,0,0.0,0.0,0.0,0,3,90,0,0,0,0
90,25-26-prem-afc-bournemouth-vs-burnley,1,0,0,0,0.0,0.0,0,0,0,0,1,0,0.0,0.0,0,0,0.0,0,0.0,0,0,0,0,0,0,0,0,0,0,0.0,0,0.0,0,0,0,0,0.0,0.0,0,0,0,0.0,0,0,0,0.0,0.0,0.0,0,2,90,0,0,0,0
382,25-26-prem-tottenham-hotspur-vs-liverpool,90,0,1,2,0.11,0.213717,1,4,0,7,104,82,91,2.0,8,0,0.0,2,40,1,0,7,0,0,0,1,5,3,5,63,0,0.0,0,0,0,0,0.0,0.0,0,0,0,0.0,0,0,0,80,100,0.2182,1,0,10,1,0,0,8
373,25-26-prem-tottenham-hotspur-vs-liverpool,90,0,0,1,0.12,0.0262701,1,0,0,1,89,74,95,0.0,17,0,0.0,7,78,1,0,3,0,6,6,0,10,2,2,100,8,80,1,0,0,0,0.0,0.0,0,0,0,0.0,0,0,0,0.0,100,0.078,1,0,90,1,0,0,7
390,25-26-prem-tottenham-hotspur-vs-liverpool,90,0,0,0,0.0,0.106956,0,2,0,0,76,63,93,2.0,9,0,0.0,0,0.0,1,0,1,0,1,1,0,3,2,3,60,0,0.0,0,2,0,0,0.0,0.0,0,0,0,0.0,0,0,0,100,100,0.0,1,0,90,1,0,0,3
661,25-26-prem-tottenham-hotspur-vs-liverpool,90,1,0,1,0.2,0.0309747,1,0,0,5,37,19,79,1.0,0,0,0.0,0,0.0,0,0,1,0,0,0,0,3,4,1,25,2,67,1,0,0,0,0.0,0.0,0,0,0,0.0,0,0,0,0.0,0.0,0.8738,0,0,9,1,0,0,1
371,25-26-prem-tottenham-hotspur-vs-liverpool,90,0,0,0,0.0,0.0227892,0,0,0,3,83,42,88,0.0,4,1,13,0,0.0,1,3,1,2,2,2,0,3,0,3,100,0,0.0,2,0,0,0,0.0,0.0,0,0,0,0.0,0,0,0,0.0,100,0.0,1,0,90,1,0,0,8
387,25-26-prem-tottenham-hotspur-vs-liverpool,90,0,0,0,0.0,0.246428,0,0,0,0,74,51,88,1.0,6,3,33,6,75,0,1,5,0,2,1,0,2,3,1,50,1,33,1,1,0,0,0.0,0.0,0,0,0,0.0,0,0,0,0.0,0.0,0.0,0,0,90,1,0,0,8
499,25-26-prem-tottenham-hotspur-vs-liverpool,14,1,0,1,0.08,0.00360465,1,0,0,1,4,1,50,0.0,0,0,0.0,0,0.0,0,0,1,0,0,0,0,0,0,0,0.0,0,0.0,0,0,0,0,0.0,0.0,0,0,0,0.0,0,0,0,0.0,0.0,0.1056,0,0,0,1,0,0,1
366,25-26-prem-tottenham-hotspur-vs-liverpool,90,0,0,0,0.0,0.00012939,0,0,0,0,31,14,78,0.0,1,0,0.0,3,43,0,0,7,0,4,0,0,0,0,0,0.0,0,0.0,0,0,4,1,0.84,-0.16,1,14,3,0.0,1,0,0,0.0,0.0,0.0,0,0,90,1,0,0,0
585,25-26-prem-tottenham-hotspur-vs-liverpool,90,0,0,1,0.04,0.0098895,0,1,0,0,53,32,80,1.0,6,0,0.0,2,40,2,2,7,1,2,0,1,4,6,3,50,1,25,0,2,0,0,0.0,0.0,0,0,0,0.0,0,0,0,100,100,0.0,2,0,90,2,0,0,14
597,25-26-prem-tottenham-hotspur-vs-liverpool,10,1,0,2,0.24,0.0063267,1,0,0,2,10,4,80,0.0,2,0,0.0,0,0.0,0,0,0,0,0,0,0,1,2,1,100,0,0.0,1,0,0,0,0.0,0.0,0,0,0,0.0,0,0,0,0.0,0.0,0.7842,0,0,90,2,0,0,0
568,25-26-prem-tottenham-hotspur-vs-liverpool,90,0,0,2,0.07,0.109575,1,1,0,1,54,21,72,2.0,8,3,38,0,0.0,0,1,6,1,3,0,1,4,2,4,67,0,0.0,1,1,0,0,0.0,0.0,0,0,0,0.0,0,0,0,100,0.0,0.0438,2,0,90,2,0,0,7
388,25-26-prem-tottenham-hotspur-vs-liverpool,90,0,0,0,0.0,0.117828,0,1,0,2,116,92,88,1.0,16,0,0.0,4,57,0,0,3,0,2,1,1,1,5,1,17,0,0.0,0,1,0,0,0.0,0.0,0,0,0,0.0,0,0,0,100,0.0,0.0,0,0,90,1,0,0,5
374,25-26-prem-tottenham-hotspur-vs-liverpool,90,0,0,0,0.0,0.0119064,0,0,0,1,69,50,91,0.0,9,0,0.0,2,50,0,1,3,2,4,3,0,3,4,0,0.0,3,60,0,2,0,0,0.0,0.0,0,0,0,0.0,0,0,0,0.0,0.0,0.0,0,0,90,1,0,0,7
573,25-26-prem-tottenham-hotspur-vs-liverpool,90,0,0,1,0.01,0.116141,1,0,0,2,59,26,79,1.0,7,0,0.0,0,0.0,2,0,5,0,2,0,0,4,2,3,75,1,50,1,1,0,0,0.0,0.0,0,0,0,0.0,0,0,0,0.0,100,0.0165,2,0,90,2,0,0,4
591,25-26-prem-tottenham-hotspur-vs-liverpool,70,0,0,0,0.0,0.00701725,0,0,0,1,33,18,82,1.0,0,0,0.0,1,33,0,1,4,0,6,2,0,0,0,0,0.0,0,0.0,0,0,0,0,0.0,0.0,0,0,0,0.0,0,0,0,0.0,0.0,0.0,0,0,0,2,0,0,11
386,25-26-prem-tottenham-hotspur-vs-liverpool,90,0,0,3,0.08,0.0595751,0,0,0,5,46,25,86,0.0,2,1,100,0,0.0,0,1,1,1,0,0,2,2,5,1,20,1,50,2,1,0,0,0.0,0.0,0,0,0,0.0,0,0,0,0.0,0.0,0.0,0,0,90,1,0,0,3
375,25-26-prem-tottenham-hotspur-vs-liverpool,45,0,0,0,0.0,0.0183556,0,0,0,1,43,12,63,0.0,1,0,0.0,0,0.0,0,1,1,1,0,0,0,2,3,2,50,0,0.0,2,0,0,0,0.0,0.0,0,0,0,0.0,0,0,0,0.0,0.0,0.0,0,0,0,1,0,0,2
726,25-26-prem-tottenham-hotspur-vs-liverpool,79,0,0,4,0.48,0.0118186,1,0,1,5,17,6,86,1.0,0,0,0.0,0,0.0,0,0,2,0,0,0,2,4,5,2,40,2,50,2,1,0,0,0.0,0.0,0,0,0,0.0,0,0,0,0.0,0.0,0.3098,0,0,0,2,0,0,2
580,25-26-prem-tottenham-hotspur-vs-liverpool,32,0,0,1,0.06,0.00600579,0,0,0,1,14,8,89,1.0,2,0,0.0,0,0.0,1,0,1,0,0,0,0,1,0,1,100,0,0.0,0,0,0,0,0.0,0.0,0,0,0,0.0,0,0,0,0.0,100,0.0,1,0,90,2,0,0,2
370,25-26-prem-tottenham-hotspur-vs-liverpool,30,0,1,0,0.0,0.0254214,0,0,0,4,19,12,100,0.0,0,0,0.0,0,0.0,0,0,3,0,0,0,0,1,1,0,0.0,1,100,0,0,0,0,0.0,0.0,0,0,0,0.0,0,0,0,0.0,0.0,0.0,0,0,0,1,0,0,0
582,25-26-prem-tottenham-hotspur-vs-liverpool,57,0,0,1,0.02,0.0568626,0,1,0,1,31,14,67,0.0,2,1,50,2,100,0,1,4,0,0,0,1,1,4,1,25,0,0.0,0,1,0,0,0.0,0.0,0,0,0,0.0,0,0,0,50,0.0,0.0,0,0,0,2,0,0,5
586,25-26-prem-tottenham-hotspur-vs-liverpool,70,0,0,0,0.0,0.00859021,0,0,0,0,25,15,83,1.0,2,0,0.0,0,0.0,0,0,2,0,1,0,1,1,3,1,33,0,0.0,1,1,0,0,0.0,0.0,0,0,0,0.0,0,0,0,0.0,0.0,0.0,0,0,0,2,0,0,3
575,25-26-prem-tottenham-hotspur-vs-liverpool,90,0,0,0,0.0,0.00555498,0,0,0,2,40,26,84,1.0,4,0,0.0,1,50,1,0,3,0,5,3,0,3,4,1,50,2,40,0,1,0,0,0.0,0.0,0,0,0,0.0,0,0,0,0.0,100,0.0,1,0,90,2,0,0,6
673,25-26-prem-tottenham-hotspur-vs-liverpool,19,0,1,2,0.09,0.00073999,0,0,0,2,12,5,83,0.0,0,0,0.0,0,0.0,0,1,0,0,0,0,0,0,0,0,0.0,0,0.0,0,0,0,0,0.0,0.0,0,0,0,0.0,0,0,0,0.0,0.0,0.0,0,0,90,2,0,0,1
565,25-26-prem-tottenham-hotspur-vs-liverpool,90,0,0,0,0.0,0.00387864,0,0,0,0,38,14,44,0.0,9,0,0.0,5,22,0,0,4,0,1,0,0,1,0,0,0.0,1,100,0,0,2,2,1.32,-0.68,1,14,5,0.0,0,0,0,0.0,0.0,0.0,0,0,90,2,0,0,0
717,25-26-prem-tottenham-hotspur-vs-liverpool,32,0,0,0,0.0,0.0151544,0,1,0,0,23,16,84,1.0,2,0,0.0,2,100,1,0,2,0,1,0,0,2,1,2,67,0,0.0,0,1,0,0,0.0,0.0,0,0,0,0.0,0,0,0,100,100,0.0,1,0,90,2,0,0,4
588,25-26-prem-tottenham-hotspur-vs-liverpool,19,0,0,0,0.0,0.00428067,0,0,0,1,16,7,88,0.0,0,0,0.0,0,0.0,0,0,1,0,0,0,0,0,3,0,0.0,0,0.0,0,0,0,0,0.0,0.0,0,0,0,0.0,0,0,0,0.0,0.0,0.0,0,0,90,2,0,0,1
569,25-26-prem-tottenham-hotspur-vs-liverpool,90,0,0,1,0.01,0.0121506,0,0,0,2,61,33,87,1.0,8,0,0.0,4,67,1,0,3,1,12,5,1,6,3,4,80,2,50,1,0,0,0,0.0,0.0,0,0,0,0.0,0,0,0,0.0,33,0.0,3,0,90,2,0,0,15
372,25-26-prem-tottenham-hotspur-vs-liverpool,1,0,0,0,0.0,0.0,0,0,0,0,3,0,0.0,0.0,0,0,0.0,0,0.0,0,0,0,0,1,0,0,0,0,0,0.0,0,0.0,0,0,0,0,0.0,0.0,0,0,0,0.0,0,0,0,0.0,0.0,0.0,0,9,90,0,0,0,0
385,25-26-prem-tottenham-hotspur-vs-liverpool,1,0,0,0,0.0,0.0,0,0,0,0,1,0,0.0,0.0,0,0,0.0,0,0.0,0,0,0,0,1,0,0,0,0,0,0.0,0,0.0,0,0,0,0,0.0,0.0,0,0,0,0.0,0,0,0,0.0,0.0,0.0,0,0,90,1,0,0,1
396,25-26-prem-tottenham-hotspur-vs-liverpool,1,0,0,0,0.0,0.00000467,0,0,0,0,1,1,100,0.0,0,0,0.0,0,0.0,0,0,0,0,0,0,0,0,0,0,0.0,0,0.0,0,0,0,0,0.0,0.0,0,0,0,0.0,0,0,0,0.0,0.0,0.0,0,10,90,0,0,0,0
1,25-26-prem-everton-vs-arsenal,90,0,0,0,0.0,0.00098764,0,1,0,0,69,39,78,0.0,3,0,0.0,7,41,0,0,14,0,1,0,0,2,0,1,100,1,100,0,0,1,0,0.13,0.13,2,39,7,0.0,4,0,0,100,0.0,0.0,0,0,90,0,0,0,0
21,25-26-prem-everton-vs-arsenal,90,0,1,1,0.02,0.230125,0,0,0,0,114,87,90,2.0,10,0,0.0,3,43,2,2,10,0,4,2,0,7,2,4,67,3,100,1,0,0,0,0.0,0.0,0,0,0,0.0,0,0,0,0.0,67,0.0,3,0,90,0,0,0,20
725,25-26-prem-everton-vs-arsenal,90,0,0,0,0.0,0.00445663,0,0,0,2,106,81,93,0.0,5,0,0.0,1,20,1,2,1,1,10,6,0,5,4,1,50,4,57,0,1,0,0,0.0,0.0,0,0,0,0.0,0,0,0,0.0,100,0.0,1,0,90,0,0,0,14
20,25-26-prem-everton-vs-arsenal,79,0,0,1,0.29,0.0342192,0,0,1,2,58,37,77,0.0,5,0,0.0,2,33,1,0,6,0,0,0,0,1,2,1,33,0,0.0,0,0,0,0,0.0,0.0,0,0,0,0.0,0,0,0,0.0,100,0.0,1,0,0,0,0,0,8
666,25-26-prem-everton-vs-arsenal,64,1,0,3,0.89,0.0920774,1,0,0,7,18,3,60,1.0,2,0,0.0,0,0.0,1,0,0,0,0,0,0,3,7,2,33,1,25,1,0,0,0,0.0,0.0,0,0,0,0.0,0,0,0,0.0,100,0.8501,1,0,0,0,1,0,1
6,25-26-prem-everton-vs-arsenal,90,0,0,0,0.0,0.0205275,0,0,0,0,91,72,90,0.0,7,0,0.0,2,50,0,1,9,0,4,3,0,4,7,0,0.0,4,44,0,0,0,0,0.0,0.0,0,0,0,0.0,0,0,0,0.0,0.0,0.0,0,0,90,0,0,0,6
17,25-26-prem-everton-vs-arsenal,87,0,0,0,0.0,0.148361,0,0,0,1,52,44,88,4.0,6,1,100,3,75,0,0,1,0,0,0,1,0,3,0,0.0,0,0.0,0,1,0,0,0.0,0.0,0,0,0,0.0,0,0,0,0.0,0.0,0.0,0,0,0,0,0,0,1
7,25-26-prem-everton-vs-arsenal,90,0,0,0,0.0,0.0281414,0,1,0,0,77,43,80,0.0,7,0,0.0,1,33,1,0,3,0,5,4,0,6,7,2,33,4,57,0,1,0,0,0.0,0.0,0,0,0,0.0,0,0,0,50,100,0.0,1,0,90,0,0,0,7
293,25-26-prem-everton-vs-arsenal,90,0,0,0,0.0,0.00902012,0,0,0,0,55,19,70,0.0,4,0,0.0,1,25,0,1,4,0,3,1,0,4,1,3,100,1,50,1,1,0,0,0.0,0.0,0,0,0,0.0,0,0,0,0.0,0.0,0.0,2,0,90,1,0,0,6
728,25-26-prem-everton-vs-arsenal,15,0,0,1,0.02,0.00028739,0,0,0,1,8,2,33,0.0,0,0,0.0,0,0.0,1,0,1,0,0,0,0,3,0,1,100,2,100,0,0,0,0,0.0,0.0,0,0,0,0.0,0,0,0,0.0,100,0.0,1,0,90,1,0,0,2
301,25-26-prem-everton-vs-arsenal,74,0,0,3,0.18,0.0145181,1,0,0,4,35,20,74,0.0,3,0,0.0,1,50,1,0,4,0,0,0,3,3,6,2,40,1,25,0,0,0,0,0.0,0.0,0,0,0,0.0,0,0,0,0.0,50,0.1633,2,0,0,1,0,0,6
287,25-26-prem-everton-vs-arsenal,90,0,0,0,0.0,0.0038914,0,0,0,0,48,22,52,0.0,14,0,0.0,8,29,0,0,9,0,1,0,0,0,0,0,0.0,0,0.0,0,0,0,1,0.83,-0.17,0,22,8,0.0,0,0,0,0.0,0.0,0.0,0,0,90,1,0,0,0
419,25-26-prem-everton-vs-arsenal,90,0,0,0,0.0,0.00815868,0,0,0,1,28,11,65,1.0,1,0,0.0,0,0.0,0,1,4,0,0,0,0,2,3,2,40,0,0.0,2,1,0,0,0.0,0.0,0,0,0,0.0,0,0,0,0.0,0.0,0.0,0,0,90,1,0,0,5
19,25-26-prem-everton-vs-arsenal,10,0,0,0,0.0,0.00202488,0,0,0,3,11,5,83,0.0,0,0,0.0,0,0.0,0,0,2,0,0,0,0,0,2,0,0.0,0,0.0,0,0,0,0,0.0,0.0,0,0,0,0.0,0,0,0,0.0,0.0,0.0,0,0,90,0,0,0,2
300,25-26-prem-everton-vs-arsenal,74,0,0,0,0.0,0.00244328,0,0,0,0,22,10,77,0.0,2,0,0.0,1,100,0,0,4,0,1,0,1,0,4,0,0.0,0,0.0,0,0,0,0,0.0,0.0,0,0,0,0.0,0,0,0,0.0,0.0,0.0,0,0,0,1,0,0,5
707,25-26-prem-everton-vs-arsenal,15,0,0,0,0.0,0.00220224,0,0,0,0,13,6,100,0.0,0,0,0.0,1,100,0,0,1,0,1,0,0,2,3,2,50,0,0.0,0,0,0,0,0.0,0.0,0,0,0,0.0,0,0,0,0.0,0.0,0.0,2,0,90,1,0,0,4
31,25-26-prem-everton-vs-arsenal,25,0,0,1,0.02,0.0220068,0,0,0,2,22,11,100,0.0,1,0,0.0,0,0.0,0,0,1,0,0,0,0,2,7,1,20,1,25,1,0,0,0,0.0,0.0,0,0,0,0.0,0,0,0,0.0,0.0,0.0,0,0,90,0,0,0,1
310,25-26-prem-everton-vs-arsenal,65,0,0,0,0.0,0.00305164,0,0,0,2,22,6,60,0.0,0,0,0.0,0,0.0,0,0,2,0,0,0,1,6,8,2,50,4,40,1,0,0,0,0.0,0.0,0,0,0,0.0,0,0,0,0.0,0.0,0.0,1,0,0,1,0,0,3
311,25-26-prem-everton-vs-arsenal,24,0,0,1,0.01,0.00043395,0,0,0,2,15,1,50,0.0,0,0,0.0,0,0.0,0,0,1,0,2,2,0,3,7,0,0.0,3,50,0,0,0,0,0.0,0.0,0,0,0,0.0,0,0,0,0.0,0.0,0.0,0,0,90,1,0,0,4
22,25-26-prem-everton-vs-arsenal,2,0,0,0,0.0,0.00020072,0,0,0,0,3,1,50,0.0,0,0,0.0,0,0.0,0,0,1,0,0,0,0,0,1,0,0.0,0,0.0,0,0,0,0,0.0,0.0,0,0,0,0.0,0,0,0,0.0,0.0,0.0,0,0,90,0,0,0,1
691,25-26-prem-leeds-united-vs-crystal-palace,86,2,0,3,1.28,0.0875065,3,1,1,10,26,5,42,1.0,1,0,0.0,0,0.0,0,0,0,0,1,1,0,4,7,3,43,1,25,2,1,0,0,0.0,0.0,0,0,0,0.0,0,0,0,50,0.0,1.547,0,0,0,0,0,0,1
47,25-26-prem-aston-villa-vs-manchester-united,90,2,0,7,0.65,0.0056255,3,0,1,5,32,13,76,0.0,2,0,0.0,0,0.0,0,1,6,0,1,1,0,1,3,1,50,0,0.0,1,0,0,0,0.0,0.0,0,0,0,0.0,0,0,0,0.0,0.0,1.3326,0,0,90,1,0,0,8
450,25-26-prem-aston-villa-vs-manchester-united,90,1,0,6,0.66,0.149704,3,0,1,6,66,38,88,2.0,1,1,33,1,50,1,0,7,0,0,0,0,4,5,4,57,0,0.0,2,1,0,0,0.0,0.0,0,0,0,0.0,0,0,0,0.0,50,0.5735,2,0,90,2,0,0,9
441,25-26-prem-aston-villa-vs-manchester-united,90,0,1,1,0.06,0.164339,0,1,0,8,57,21,81,3.0,1,2,25,0,0.0,3,0,4,1,3,2,0,12,3,10,83,2,67,4,0,0,0,0.0,0.0,0,0,0,0.0,0,0,0,50,60,0.0,5,0,90,2,0,0,9
32,25-26-prem-aston-villa-vs-manchester-united,90,0,0,0,0.0,0.00151149,0,0,0,0,70,31,62,0.0,5,0,0.0,8,30,0,0,13,0,1,0,0,2,0,1,100,1,100,1,0,5,1,0.87,-0.13,0,31,8,0.0,7,0,0,0.0,0.0,0.0,0,0,90,1,0,0,0
59,25-26-prem-aston-villa-vs-manchester-united,83,0,0,0,0.0,0.0263179,0,1,0,1,46,26,90,1.0,0,0,0.0,0,0.0,3,1,5,1,4,3,0,9,3,5,71,4,80,1,1,0,0,0.0,0.0,0,0,0,0.0,0,0,0,50,100,0.0,3,0,0,0,0,0,13
54,25-26-prem-aston-villa-vs-manchester-united,83,0,1,1,0.13,0.01895,1,1,1,2,47,20,71,3.0,2,0,0.0,1,100,1,0,5,0,0,0,0,3,8,3,27,0,0.0,1,1,0,0,0.0,0.0,0,0,0,0.0,0,0,0,100,100,0.3698,1,0,0,0,0,0,6
48,25-26-prem-aston-villa-vs-manchester-united,90,0,0,1,0.03,0.0885152,0,0,0,0,50,18,69,2.0,2,1,33,1,100,2,0,4,0,0,0,2,11,7,8,67,3,50,4,1,0,0,0.0,0.0,0,0,0,0.0,0,0,0,0.0,50,0.0,4,0,90,1,0,0,8
440,25-26-prem-aston-villa-vs-manchester-united,90,0,0,1,0.02,0.087138,1,2,0,4,69,29,83,0.0,4,1,17,1,33,2,0,4,0,2,1,0,7,3,6,67,1,100,1,2,0,0,0.0,0.0,0,0,0,0.0,0,0,0,67,67,0.0757,3,0,90,2,0,0,5
39,25-26-prem-aston-villa-vs-manchester-united,74,0,0,1,0.02,0.0143202,0,1,0,3,55,26,84,2.0,4,0,0.0,2,50,1,1,4,0,4,1,2,6,7,6,46,0,0.0,2,1,0,0,0.0,0.0,0,0,0,0.0,0,0,0,33,33,0.0,3,0,0,0,0,0,8
447,25-26-prem-aston-villa-vs-manchester-united,90,0,0,0,0.0,0.0242612,0,1,0,2,64,41,87,0.0,1,0,0.0,1,100,1,1,4,2,7,6,0,7,2,3,75,4,80,0,0,0,0,0.0,0.0,0,0,0,0.0,0,0,0,100,50,0.0,2,0,90,2,0,0,12
64,25-26-prem-aston-villa-vs-manchester-united,74,0,1,1,0.15,0.0230882,0,0,1,5,19,6,67,1.0,2,0,0.0,0,0.0,0,0,1,0,0,0,0,1,5,0,0.0,1,33,0,0,0,0,0.0,0.0,0,0,0,0.0,0,0,0,0.0,0.0,0.0,0,0,0,0,0,0,1
719,25-26-prem-aston-villa-vs-manchester-united,90,0,0,0,0.0,0.00278779,0,0,0,1,65,49,92,0.0,3,0,0.0,2,40,1,2,3,0,4,2,0,1,3,1,33,0,0.0,0,1,0,0,0.0,0.0,0,0,0,0.0,0,0,0,0.0,100,0.0,1,0,90,1,0,0,7
449,25-26-prem-aston-villa-vs-manchester-united,45,0,0,1,0.1,0.197018,0,1,0,2,42,25,89,1.0,7,0,0.0,2,50,0,1,3,0,1,1,0,3,2,3,75,0,0.0,2,0,0,0,0.0,0.0,0,0,0,0.0,0,0,0,50,0.0,0.0,0,0,0,2,0,0,5
455,25-26-prem-aston-villa-vs-manchester-united,90,0,0,3,0.11,0.0847995,0,1,0,4,63,33,75,1.0,4,0,0.0,1,33,2,1,5,0,0,0,1,4,9,4,36,0,0.0,0,2,0,0,0.0,0.0,0,0,0,0.0,0,0,0,33,67,0.0,3,0,90,2,0,0,9
437,25-26-prem-aston-villa-vs-manchester-united,45,0,0,1,0.03,0.030846,0,0,0,0,38,29,91,1.0,6,0,0.0,2,50,1,0,3,0,1,1,0,2,2,1,33,1,100,0,1,0,0,0.0,0.0,0,0,0,0.0,0,0,0,0.0,100,0.0,1,0,90,2,0,0,2
38,25-26-prem-aston-villa-vs-manchester-united,90,0,0,0,0.0,0.00233035,0,0,0,0,43,29,88,0.0,3,0,0.0,0,0.0,0,1,1,1,4,2,0,0,2,0,0.0,0,0.0,0,1,0,0,0.0,0.0,0,0,0,0.0,0,0,0,0.0,0.0,0.0,0,0,90,1,0,0,6
443,25-26-prem-aston-villa-vs-manchester-united,90,0,0,0,0.0,0.0154809,0,0,0,1,87,61,91,0.0,6,0,0.0,1,50,1,3,4,1,3,0,0,2,2,2,50,0,0.0,0,2,0,0,0.0,0.0,0,0,0,0.0,0,0,0,0.0,50,0.0,2,0,90,2,0,0,10
459,25-26-prem-aston-villa-vs-manchester-united,72,0,0,0,0.0,0.00921865,0,1,0,0,44,26,81,0.0,5,0,0.0,0,0.0,2,2,3,0,0,0,2,8,7,7,50,1,100,1,4,0,0,0.0,0.0,0,0,0,0.0,0,0,0,100,40,0.0,5,0,0,2,0,0,10
444,25-26-prem-aston-villa-vs-manchester-united,83,0,0,0,0.0,0.0797853,0,0,0,1,63,53,95,0.0,8,0,0.0,8,100,1,0,7,1,3,2,0,1,2,1,50,0,0.0,0,1,0,0,0.0,0.0,0,0,0,0.0,0,0,0,0.0,100,0.0,1,0,0,2,0,0,5
58,25-26-prem-aston-villa-vs-manchester-united,87,0,0,0,0.0,0.0118885,0,0,0,0,44,27,93,0.0,0,0,0.0,1,50,0,0,2,0,2,1,3,6,9,5,36,1,100,2,2,0,0,0.0,0.0,0,0,0,0.0,0,0,0,0.0,0.0,0.0,3,0,0,0,0,0,7
681,25-26-prem-aston-villa-vs-manchester-united,72,0,0,1,0.32,0.00592944,1,0,1,2,16,7,78,0.0,3,0,0.0,1,100,0,0,1,0,0,0,0,2,2,0,0.0,2,67,0,1,0,0,0.0,0.0,0,0,0,0.0,0,0,0,0.0,0.0,0.185,0,0,0,2,0,0,1
37,25-26-prem-aston-villa-vs-manchester-united,15,0,0,0,0.0,0.00124414,0,0,0,0,12,4,80,0.0,0,0,0.0,0,0.0,1,0,0,0,1,1,0,1,1,1,50,0,0.0,0,0,0,0,0.0,0.0,0,0,0,0.0,0,0,0,0.0,100,0.0,1,0,90,1,0,0,2
53,25-26-prem-aston-villa-vs-manchester-united,15,0,0,0,0.0,0.00172248,0,0,0,0,2,1,50,1.0,0,0,0.0,0,0.0,0,0,0,0,0,0,0,0,0,0,0.0,0,0.0,0,0,0,0,0.0,0.0,0,0,0,0.0,0,0,0,0.0,0.0,0.0,0,0,90,1,0,0,0
733,25-26-prem-aston-villa-vs-manchester-united,90,0,0,0,0.0,0.00124105,0,0,0,0,31,18,78,0.0,4,0,0.0,3,38,0,0,7,0,1,0,0,0,0,0,0.0,0,0.0,0,0,2,2,1.68,-0.32,1,18,3,0.0,1,0,0,0.0,0.0,0.0,0,0,90,2,0,0,0
466,25-26-prem-aston-villa-vs-manchester-united,17,0,0,0,0.0,0.00551682,0,0,0,3,9,5,100,0.0,0,0,0.0,0,0.0,0,0,1,0,0,0,0,1,1,1,100,0,0.0,1,0,0,0,0.0,0.0,0,0,0,0.0,0,0,0,0.0,0.0,0.0,0,0,90,2,0,0,1
462,25-26-prem-aston-villa-vs-manchester-united,17,0,0,0,0.0,0.00023865,0,0,0,0,13,6,75,0.0,0,0,0.0,0,0.0,0,0,1,0,0,0,0,3,3,2,40,1,100,0,0,0,0,0.0,0.0,0,0,0,0.0,0,0,0,0.0,0.0,0.0,2,0,90,2,0,0,3
36,25-26-prem-aston-villa-vs-manchester-united,90,0,0,1,0.07,0.00554317,0,0,0,1,45,25,83,0.0,3,0,0.0,1,20,0,1,2,1,1,0,0,1,4,1,25,0,0.0,0,1,0,0,0.0,0.0,0,0,0,0.0,0,0,0,0.0,0.0,0.0,1,0,90,1,0,0,4
50,25-26-prem-aston-villa-vs-manchester-united,6,0,0,0,0.0,0.00172339,0,0,0,0,6,3,60,0.0,1,0,0.0,0,0.0,0,0,2,0,0,0,1,1,1,1,50,0,0.0,1,0,0,0,0.0,0.0,0,0,0,0.0,0,0,0,0.0,0.0,0.0,0,0,90,1,0,0,2
677,25-26-prem-aston-villa-vs-manchester-united,6,0,0,0,0.0,0.00010398,0,0,0,1,4,1,100,0.0,0,0,0.0,0,0.0,0,0,0,0,0,0,0,0,2,0,0.0,0,0.0,0,1,0,0,0.0,0.0,0,0,0,0.0,0,0,0,0.0,0.0,0.0,0,0,90,1,0,0,0
44,25-26-prem-aston-villa-vs-manchester-united,2,0,0,0,0.0,0.00003247,0,0,0,0,3,2,100,0.0,0,0,0.0,0,0.0,1,0,1,0,0,0,0,1,2,1,50,0,0.0,0,1,0,0,0.0,0.0,0,0,0,0.0,0,0,0,0.0,100,0.0,1,0,90,1,0,0,1
755,25-26-prem-aston-villa-vs-manchester-united,6,0,0,1,0.02,0.0,1,1,0,1,5,0,0.0,0.0,0,0,0.0,0,0.0,0,0,0,0,0,0,0,1,1,1,50,0,0.0,0,0,0,0,0.0,0.0,0,0,0,0.0,0,0,0,100,0.0,0.0164,0,0,90,2,0,0,0
354,25-26-prem-leeds-united-vs-crystal-palace,86,1,0,1,0.13,0.0212514,1,1,0,1,66,31,82,0.0,5,0,0.0,3,75,2,0,9,0,3,3,0,8,3,6,86,2,50,2,1,0,0,0.0,0.0,0,0,0,0.0,0,0,0,100,67,0.7599,3,0,0,0,0,0,15
660,25-26-prem-leeds-united-vs-crystal-palace,90,1,0,3,0.11,0.559931,1,0,0,1,57,27,82,5.0,6,5,50,2,50,1,0,6,1,2,0,1,2,4,2,40,0,0.0,0,1,0,0,0.0,0.0,0,0,0,0.0,0,0,0,0.0,50,0.328,2,0,90,1,0,0,11
344,25-26-prem-leeds-united-vs-crystal-palace,90,0,1,0,0.0,0.291097,0,0,0,5,88,65,88,1.0,5,0,0.0,3,38,1,2,2,0,4,4,0,8,3,2,100,6,67,1,0,0,0,0.0,0.0,0,0,0,0.0,0,0,0,0.0,100,0.0,1,0,90,1,0,0,7
343,25-26-prem-leeds-united-vs-crystal-palace,90,0,0,4,0.49,0.00544801,1,0,0,6,75,49,91,0.0,5,0,0.0,2,50,1,1,5,0,8,5,1,9,5,2,67,7,64,0,0,0,0,0.0,0.0,0,0,0,0.0,0,0,0,0.0,50,0.5312,2,0,90,1,0,0,11
276,25-26-prem-leeds-united-vs-crystal-palace,13,1,0,2,1.16,0.00001028,1,0,1,2,6,1,50,0.0,0,0,0.0,0,0.0,0,0,0,0,0,0,0,2,0,1,100,1,100,0,0,0,0,0.0,0.0,0,0,0,0.0,0,0,0,0.0,0.0,0.7623,1,0,90,4,1,0,1
348,25-26-prem-leeds-united-vs-crystal-palace,90,0,0,4,0.25,0.0228932,0,0,0,6,66,37,88,0.0,5,0,0.0,3,100,1,1,5,2,1,1,0,7,4,3,75,4,57,1,0,0,0,0.0,0.0,0,0,0,0.0,0,0,0,0.0,50,0.0,2,0,90,1,0,0,6
347,25-26-prem-leeds-united-vs-crystal-palace,90,0,0,3,0.41,0.127124,2,0,0,3,56,21,78,0.0,5,0,0.0,0,0.0,2,1,2,0,2,2,0,4,5,3,38,1,100,1,0,0,0,0.0,0.0,0,0,0,0.0,0,0,0,0.0,100,0.0,2,0,90,1,0,0,5
698,25-26-prem-leeds-united-vs-crystal-palace,76,0,0,0,0.0,0.0268081,0,3,0,0,26,7,78,1.0,0,0,0.0,0,0.0,0,1,0,0,1,0,1,5,5,4,50,1,50,1,0,0,0,0.0,0.0,0,0,0,0.0,0,0,0,50,0.0,0.0,0,0,0,0,0,0,2
258,25-26-prem-leeds-united-vs-crystal-palace,90,0,0,0,0.0,0.00834158,0,0,0,0,46,21,81,1.0,0,0,0.0,1,25,3,0,7,1,2,1,1,3,5,3,60,0,0.0,0,1,0,0,0.0,0.0,0,0,0,0.0,0,0,0,0.0,100,0.0,3,0,90,4,0,0,6
273,25-26-prem-leeds-united-vs-crystal-palace,90,0,0,1,0.07,0.38795,1,0,0,3,64,34,76,0.0,6,1,50,2,40,2,0,5,1,2,0,1,8,4,5,63,3,75,1,1,0,0,0.0,0.0,0,0,0,0.0,0,0,0,0.0,50,0.0554,4,0,90,4,0,0,12
337,25-26-prem-fulham-vs-nottingham-forest,84,1,0,5,1.29,0.0205587,1,1,1,5,46,16,62,0.0,3,0,0.0,0,0.0,1,1,2,0,1,1,0,5,3,2,67,3,60,0,0,0,0,0.0,0.0,0,0,0,0.0,0,0,0,100,100,0.7469,1,0,0,0,1,0,5
332,25-26-prem-fulham-vs-nottingham-forest,90,0,0,1,0.06,0.0157214,0,0,0,1,53,28,78,3.0,1,0,0.0,0,0.0,4,1,5,0,2,1,0,9,4,7,88,2,40,2,1,0,0,0.0,0.0,0,0,0,0.0,0,0,0,0.0,80,0.0,5,0,90,0,0,0,13
731,25-26-prem-fulham-vs-nottingham-forest,77,0,1,3,0.11,0.0345771,0,3,0,9,46,22,85,1.0,2,1,100,2,100,1,0,5,0,0,0,0,9,3,7,78,2,67,1,0,0,0,0.0,0.0,0,0,0,0.0,0,0,0,60,33,0.0,3,0,0,0,0,0,8
314,25-26-prem-fulham-vs-nottingham-forest,90,0,0,0,0.0,0.00103254,0,0,0,0,68,38,69,0.0,7,0,0.0,5,24,0,0,13,0,3,0,0,0,0,0,0.0,0,0.0,0,0,2,0,0.09,0.09,0,38,5,0.0,2,0,0,0.0,0.0,0.0,0,0,90,0,0,0,0
316,25-26-prem-fulham-vs-nottingham-forest,90,0,0,0,0.0,0.101554,0,0,0,2,71,29,66,2.0,2,2,50,0,0.0,2,1,6,1,4,3,1,5,2,4,80,1,50,0,0,0,0,0.0,0.0,0,0,0,0.0,0,0,0,0.0,50,0.0,4,0,90,0,0,0,10
322,25-26-prem-fulham-vs-nottingham-forest,90,0,0,0,0.0,0.26466,0,0,0,0,63,31,78,1.0,4,1,100,4,40,1,3,3,0,1,1,0,6,2,5,83,1,50,2,1,0,0,0.0,0.0,0,0,0,0.0,0,0,0,0.0,33,0.0,3,0,90,0,0,0,7
321,25-26-prem-fulham-vs-nottingham-forest,90,0,0,0,0.0,0.00451295,0,1,0,0,89,65,82,1.0,5,0,0.0,6,46,0,1,4,2,6,3,0,4,4,2,67,2,40,1,1,0,0,0.0,0.0,0,0,0,0.0,0,0,0,100,0.0,0.0,0,0,90,0,0,0,9
325,25-26-prem-fulham-vs-nottingham-forest,84,0,0,0,0.0,0.0251335,0,0,0,1,55,44,92,1.0,3,0,0.0,0,0.0,0,1,10,0,0,0,1,1,1,1,50,0,0.0,1,0,0,0,0.0,0.0,0,0,0,0.0,0,0,0,0.0,0.0,0.0,0,0,0,0,0,0,11
317,25-26-prem-fulham-vs-nottingham-forest,90,0,0,0,0.0,0.00553201,0,0,0,0,55,35,81,0.0,4,0,0.0,7,58,0,2,2,1,8,4,0,3,3,1,50,2,50,0,1,0,0,0.0,0.0,0,0,0,0.0,0,0,0,0.0,0.0,0.0,1,0,90,0,0,0,12
517,25-26-prem-fulham-vs-nottingham-forest,90,0,0,1,0.01,0.0215655,0,0,0,1,91,63,86,2.0,17,0,0.0,2,22,0,1,10,1,1,1,0,4,6,1,17,3,75,1,3,0,0,0.0,0.0,0,0,0,0.0,0,0,0,0.0,0.0,0.0,0,0,90,1,0,0,13
330,25-26-prem-fulham-vs-nottingham-forest,65,0,0,0,0.0,0.00654497,0,0,0,0,45,30,91,0.0,2,0,0.0,0,0.0,1,1,3,0,2,1,0,5,3,1,33,4,80,0,1,0,0,0.0,0.0,0,0,0,0.0,0,0,0,0.0,100,0.0,1,0,0,0,0,0,7
329,25-26-prem-fulham-vs-nottingham-forest,83,0,0,1,0.02,0.0102345,0,1,0,3,29,14,82,0.0,1,0,0.0,1,100,2,0,0,0,1,1,1,4,2,4,67,0,0.0,1,0,0,0,0.0,0.0,0,0,0,0.0,0,0,0,50,100,0.0,2,0,0,0,0,0,3
508,25-26-prem-fulham-vs-nottingham-forest,90,0,0,1,0.04,0.13548,1,1,0,2,63,26,65,1.0,10,1,50,1,13,1,0,5,1,3,2,1,2,3,2,50,0,0.0,0,0,0,0,0.0,0.0,0,0,0,0.0,0,0,0,100,100,0.022,1,0,90,1,0,0,5
505,25-26-prem-fulham-vs-nottingham-forest,90,0,0,0,0.0,0.01768,0,0,0,0,65,51,93,0.0,7,0,0.0,4,67,0,1,7,0,3,2,2,4,4,1,25,3,75,0,1,0,0,0.0,0.0,0,0,0,0.0,0,0,0,0.0,0.0,0.0,1,0,90,1,0,0,5
506,25-26-prem-fulham-vs-nottingham-forest,90,0,0,1,0.02,0.0369949,1,0,0,0,79,55,83,1.0,6,0,0.0,4,57,1,1,8,2,4,1,1,1,8,1,14,0,0.0,0,2,0,0,0.0,0.0,0,0,0,0.0,0,0,0,0.0,100,0.0551,1,0,90,1,0,0,8
699,25-26-prem-fulham-vs-nottingham-forest,72,0,0,1,0.02,0.0320562,0,0,0,1,66,49,96,1.0,3,0,0.0,1,50,0,2,6,0,1,0,0,2,1,2,67,0,0.0,0,1,0,0,0.0,0.0,0,0,0,0.0,0,0,0,0.0,0.0,0.0,2,0,0,0,0,0,11
516,25-26-prem-fulham-vs-nottingham-forest,90,0,0,1,0.01,0.039865,0,0,0,0,37,22,92,2.0,2,0,0.0,2,67,0,1,2,0,1,0,0,0,1,0,0.0,0,0.0,0,0,0,0,0.0,0.0,0,0,0,0.0,0,0,0,0.0,0.0,0.0,0,0,2,0,0,0,4
716,25-26-prem-fulham-vs-nottingham-forest,80,0,0,0,0.0,0.0053614,0,1,0,0,61,33,79,0.0,8,0,0.0,1,14,0,0,0,1,2,1,1,4,3,3,50,1,100,0,0,0,0,0.0,0.0,0,0,0,0.0,0,0,0,50,0.0,0.0,2,0,0,0,0,0,5
335,25-26-prem-fulham-vs-nottingham-forest,12,0,0,0,0.0,0.00840654,0,1,0,1,13,6,100,0.0,0,0,0.0,0,0.0,0,0,2,0,1,0,0,2,1,2,67,0,0.0,1,0,0,0,0.0,0.0,0,0,0,0.0,0,0,0,50,0.0,0.0,0,0,90,0,0,0,3
526,25-26-prem-fulham-vs-nottingham-forest,71,0,0,4,0.34,0.00763115,0,0,0,5,25,11,85,0.0,1,0,0.0,2,100,0,0,4,0,0,0,0,9,3,3,75,6,75,3,1,0,0,0.0,0.0,0,0,0,0.0,0,0,0,0.0,0.0,0.0,0,0,0,0,0,0,4
519,25-26-prem-fulham-vs-nottingham-forest,17,0,0,0,0.0,0.0046592,0,0,0,0,15,13,100,0.0,1,0,0.0,2,100,0,0,1,0,0,0,0,0,0,0,0.0,0,0.0,0,0,0,0,0.0,0.0,0,0,0,0.0,0,0,0,0.0,0.0,0.0,0,0,90,1,0,0,1
331,25-26-prem-fulham-vs-nottingham-forest,24,0,0,1,0.03,0.00810095,0,0,0,0,27,23,96,0.0,2,0,0.0,1,100,0,0,1,0,0,0,0,0,1,0,0.0,0,0.0,0,0,0,0,0.0,0.0,0,0,0,0.0,0,0,0,0.0,0.0,0.0,0,0,90,0,0,0,1
515,25-26-prem-fulham-vs-nottingham-forest,72,0,0,2,0.13,0.0617605,0,0,0,3,42,24,80,2.0,5,0,0.0,1,100,0,0,3,1,0,0,0,1,8,1,33,0,0.0,1,0,0,0,0.0,0.0,0,0,0,0.0,0,0,0,0.0,0.0,0.0,0,0,0,0,0,0,4
693,25-26-prem-fulham-vs-nottingham-forest,90,0,0,1,0.02,0.151642,0,1,0,8,60,33,87,2.0,0,1,17,2,67,0,2,3,0,0,0,3,1,12,1,9,0,0.0,0,1,0,0,0.0,0.0,0,0,0,0.0,0,0,0,17,0.0,0.0,0,0,90,1,0,0,5
426,25-26-prem-fulham-vs-nottingham-forest,17,0,0,0,0.0,0.00079434,0,0,0,0,8,1,50,0.0,0,0,0.0,0,0.0,1,0,0,0,0,0,0,1,3,1,33,0,0.0,0,0,0,0,0.0,0.0,0,0,0,0.0,0,0,0,0.0,100,0.0,1,0,90,1,0,0,1
527,25-26-prem-fulham-vs-nottingham-forest,18,0,0,0,0.0,0.00518787,0,0,0,1,3,1,100,0.0,0,0,0.0,0,0.0,0,0,0,0,0,0,0,0,2,0,0.0,0,0.0,0,0,0,0,0.0,0.0,0,0,0,0.0,0,0,0,0.0,0.0,0.0,0,0,90,1,0,0,0
326,25-26-prem-fulham-vs-nottingham-forest,6,0,0,0,0.0,0.00153488,0,1,0,0,6,3,75,0.0,0,0,0.0,0,0.0,0,0,0,0,0,0,0,1,2,1,50,0,0.0,0,0,0,0,0.0,0.0,0,0,0,0.0,0,0,0,100,0.0,0.0,0,0,90,0,0,0,0
12,25-26-prem-fulham-vs-nottingham-forest,9,0,0,0,0.0,0.00160877,0,0,0,0,14,9,90,0.0,1,0,0.0,0,0.0,0,0,0,0,1,1,0,1,0,0,0.0,1,100,0,0,0,0,0.0,0.0,0,0,0,0.0,0,0,0,0.0,0.0,0.0,0,0,90,1,0,0,1
320,25-26-prem-fulham-vs-nottingham-forest,5,0,0,0,0.0,0.00036272,0,0,0,0,4,4,100,0.0,1,0,0.0,1,100,0,0,0,0,0,0,0,0,0,0,0.0,0,0.0,0,0,0,0,0.0,0.0,0,0,0,0.0,0,0,0,0.0,0.0,0.0,0,0,90,0,0,0,0
696,25-26-prem-fulham-vs-nottingham-forest,1,0,0,0,0.0,0.0,0,0,0,0,1,0,0.0,0.0,0,0,0.0,0,0.0,0,0,0,0,0,0,0,1,0,0,0.0,1,100,0,0,0,0,0.0,0.0,0,0,0,0.0,0,0,0,0.0,0.0,0.0,0,2,90,1,0,0,0
737,25-26-prem-fulham-vs-nottingham-forest,5,0,0,0,0.0,0.0623025,0,0,0,1,5,3,60,0.0,0,0,0.0,0,0.0,0,0,2,0,0,0,0,0,0,0,0.0,0,0.0,0,0,0,0,0.0,0.0,0,0,0,0.0,0,0,0,0.0,0.0,0.0,0,0,90,0,0,0,2
139,25-26-prem-brighton-hove-albion-vs-sunderland,90,0,0,0,0.0,0.00503773,0,0,0,0,54,34,79,0.0,6,0,0.0,5,36,1,0,10,0,0,0,0,1,0,1,100,0,0.0,0,0,6,0,0.63,0.63,2,34,4,0.0,0,0,0,0.0,100,0.0,1,0,90,0,0,0,0
531,25-26-prem-brighton-hove-albion-vs-sunderland,90,0,0,2,0.16,0.00773529,2,0,1,4,66,39,91,0.0,3,0,0.0,5,83,4,1,6,0,6,5,0,12,5,6,67,6,75,2,3,0,0,0.0,0.0,0,0,0,0.0,0,0,0,0.0,100,0.2957,4,0,90,0,0,0,11
532,25-26-prem-brighton-hove-albion-vs-sunderland,90,0,0,1,0.04,0.16117,0,0,0,1,53,20,83,1.0,4,1,100,2,50,5,1,5,0,4,4,3,10,5,8,67,2,67,1,0,0,0,0.0,0.0,0,0,0,0.0,0,0,0,0.0,71,0.0,7,0,90,0,0,0,12
166,25-26-prem-brighton-hove-albion-vs-sunderland,90,0,0,5,0.59,0.00528841,2,2,0,3,46,18,69,0.0,4,0,0.0,1,25,0,2,8,0,1,1,0,3,3,3,60,0,0.0,1,0,0,0,0.0,0.0,0,0,0,0.0,0,0,0,67,0.0,0.1549,0,0,90,0,0,0,11
670,25-26-prem-brighton-hove-albion-vs-sunderland,90,0,0,0,0.0,0.00066957,0,0,0,0,49,17,47,0.0,7,0,0.0,4,17,0,0,12,0,0,0,0,0,0,0,0.0,0,0.0,0,0,4,0,0.24,0.24,0,19,3,0.0,1,0,0,0.0,0.0,0.0,0,0,90,0,0,0,0
143,25-26-prem-brighton-hove-albion-vs-sunderland,90,0,0,0,0.0,0.0227884,0,0,0,0,100,71,91,0.0,14,0,0.0,8,80,1,0,7,1,6,2,0,5,2,3,75,2,67,2,1,0,0,0.0,0.0,0,0,0,0.0,0,0,0,0.0,100,0.0,1,0,90,0,0,0,8
668,25-26-prem-brighton-hove-albion-vs-sunderland,90,0,0,0,0.0,0.117016,0,0,0,1,52,32,82,1.0,7,0,0.0,5,63,2,1,4,2,2,2,0,4,2,4,100,0,0.0,2,0,0,0,0.0,0.0,0,0,0,0.0,0,0,0,0.0,100,0.0,2,0,90,0,0,0,11
152,25-26-prem-brighton-hove-albion-vs-sunderland,45,0,0,0,0.0,0.0464461,0,2,0,2,46,17,77,2.0,3,1,33,0,0.0,2,0,2,1,0,0,0,7,2,7,88,0,0.0,2,0,0,0,0.0,0.0,0,0,0,0.0,0,0,0,67,67,0.0,3,0,90,0,0,0,4
144,25-26-prem-brighton-hove-albion-vs-sunderland,90,0,0,0,0.0,0.00833235,0,1,0,0,71,47,89,0.0,3,0,0.0,1,25,1,1,3,2,7,5,0,9,7,2,50,7,58,0,2,0,0,0.0,0.0,0,0,0,0.0,0,0,0,100,100,0.0,1,0,90,0,0,0,11
162,25-26-prem-brighton-hove-albion-vs-sunderland,85,0,0,2,0.09,0.075509,1,3,0,2,66,34,87,4.0,6,0,0.0,3,100,0,1,4,0,0,0,1,8,10,8,44,0,0.0,3,3,0,0,0.0,0.0,0,0,0,0.0,0,0,0,38,0.0,0.0726,2,0,0,0,0,0,7
683,25-26-prem-brighton-hove-albion-vs-sunderland,90,0,0,2,0.25,0.0181819,2,1,1,3,53,33,92,0.0,6,0,0.0,3,60,0,2,2,1,5,2,0,3,6,1,33,2,33,0,2,0,0,0.0,0.0,0,0,0,0.0,0,0,0,100,0.0,0.156,0,0,90,0,0,0,8
547,25-26-prem-brighton-hove-albion-vs-sunderland,90,0,0,2,0.26,0.694844,0,1,0,3,38,15,83,5.0,3,4,44,0,0.0,0,1,1,1,0,0,2,3,6,3,43,0,0.0,1,1,0,0,0.0,0.0,0,0,0,0.0,0,0,0,100,0.0,0.0,1,0,90,0,0,0,4
148,25-26-prem-brighton-hove-albion-vs-sunderland,90,0,0,1,0.07,0.15607,0,0,0,1,47,17,81,1.0,2,3,60,0,0.0,3,0,1,0,3,0,0,4,5,4,67,0,0.0,1,1,0,0,0.0,0.0,0,0,0,0.0,0,0,0,0.0,100,0.0,3,0,90,0,0,0,6
724,25-26-prem-brighton-hove-albion-vs-sunderland,90,0,0,0,0.0,0.0398669,0,0,0,0,51,34,85,1.0,3,0,0.0,1,100,0,1,4,0,0,0,0,3,3,2,40,1,100,0,1,0,0,0.0,0.0,0,0,0,0.0,0,0,0,0.0,0.0,0.0,2,0,90,0,0,0,3
694,25-26-prem-brighton-hove-albion-vs-sunderland,90,0,0,0,0.0,0.0911929,0,0,0,1,61,23,77,1.0,10,0,0.0,4,67,0,0,4,1,4,1,0,3,4,3,60,0,0.0,1,1,0,0,0.0,0.0,0,0,0,0.0,0,0,0,0.0,0.0,0.0,2,0,90,0,0,0,7
145,25-26-prem-brighton-hove-albion-vs-sunderland,63,0,0,1,0.03,0.26914,0,0,0,3,37,10,50,1.0,3,2,50,0,0.0,0,1,2,0,3,0,0,2,1,1,100,1,50,1,0,0,0,0.0,0.0,0,0,0,0.0,0,0,0,0.0,0.0,0.0,0,0,0,0,0,0,4
181,25-26-prem-brighton-hove-albion-vs-sunderland,19,0,0,1,0.05,0.147638,0,1,0,3,11,5,100,2.0,1,0,0.0,0,0.0,0,0,1,0,0,0,0,4,2,2,67,2,67,1,0,0,0,0.0,0.0,0,0,0,0.0,0,0,0,50,0.0,0.0,0,0,90,0,0,0,1
173,25-26-prem-brighton-hove-albion-vs-sunderland,45,0,0,0,0.0,0.0313553,0,0,0,2,30,13,93,1.0,0,0,0.0,1,100,0,1,2,0,3,2,0,2,3,1,33,1,50,0,0,0,0,0.0,0.0,0,0,0,0.0,0,0,0,0.0,0.0,0.0,1,0,0,0,0,0,7
170,25-26-prem-brighton-hove-albion-vs-sunderland,19,0,0,1,0.04,0.119432,0,0,0,1,28,22,92,1.0,4,0,0.0,2,50,0,0,2,0,1,0,0,1,1,0,0.0,1,100,0,1,0,0,0.0,0.0,0,0,0,0.0,0,0,0,0.0,0.0,0.0,0,0,90,0,0,0,3
730,25-26-prem-brighton-hove-albion-vs-sunderland,71,0,0,3,0.41,0.0162132,1,0,0,5,21,6,60,0.0,1,0,0.0,0,0.0,0,0,3,0,0,0,0,7,4,2,50,5,71,1,1,0,0,0.0,0.0,0,0,0,0.0,0,0,0,0.0,0.0,0.1221,1,0,0,0,0,0,4
551,25-26-prem-brighton-hove-albion-vs-sunderland,63,0,0,2,0.2,0.00588157,0,0,0,3,28,9,47,0.0,1,0,0.0,0,0.0,1,1,4,0,0,0,0,4,3,3,50,1,100,2,1,0,0,0.0,0.0,0,0,0,0.0,0,0,0,0.0,100,0.0,1,0,0,0,0,0,6
158,25-26-prem-brighton-hove-albion-vs-sunderland,90,0,0,5,0.26,0.0401387,1,1,0,8,32,7,58,0.0,3,0,0.0,1,100,0,1,1,0,3,3,0,7,6,3,43,4,67,2,0,0,0,0.0,0.0,0,0,0,0.0,0,0,0,50,0.0,0.0096,0,0,90,0,0,0,5
544,25-26-prem-brighton-hove-albion-vs-sunderland,26,0,0,0,0.0,0.00145986,0,0,0,0,9,3,75,0.0,1,0,0.0,0,0.0,1,1,2,0,0,0,1,2,2,2,67,0,0.0,0,0,0,0,0.0,0.0,0,0,0,0.0,0,0,0,0.0,50,0.0,2,0,90,0,0,0,5
543,25-26-prem-brighton-hove-albion-vs-sunderland,62,0,0,0,0.0,0.024458,0,0,0,4,32,11,73,0.0,3,0,0.0,0,0.0,2,0,2,0,1,1,4,4,8,3,27,1,100,0,4,0,0,0.0,0.0,0,0,0,0.0,0,0,0,0.0,67,0.0,3,0,0,0,0,0,6
157,25-26-prem-brighton-hove-albion-vs-sunderland,26,0,0,0,0.0,0.157279,0,1,0,4,20,7,70,2.0,0,2,50,0,0.0,0,0,0,0,0,0,0,1,5,1,17,0,0.0,0,1,0,0,0.0,0.0,0,0,0,0.0,0,0,0,20,0.0,0.0,0,0,90,0,0,0,0
163,25-26-prem-brighton-hove-albion-vs-sunderland,70,0,0,0,0.0,0.00707622,0,0,0,0,41,27,90,0.0,2,0,0.0,1,50,0,0,3,0,3,1,1,1,3,0,0.0,1,50,0,2,0,0,0.0,0.0,0,0,0,0.0,0,0,0,0.0,0.0,0.0,0,0,0,0,0,0,6
160,25-26-prem-brighton-hove-albion-vs-sunderland,70,0,0,0,0.0,0.009378,0,2,0,8,26,7,50,0.0,4,0,0.0,0,0.0,0,0,0,0,0,0,0,2,6,2,33,0,0.0,0,0,0,0,0.0,0.0,0,0,0,0.0,0,0,0,50,0.0,0.0,0,0,0,0,0,0,0
560,25-26-prem-brighton-hove-albion-vs-sunderland,18,0,0,0,0.0,0.00089967,0,0,0,0,4,2,50,0.0,1,0,0.0,0,0.0,0,0,0,0,0,0,1,1,5,0,0.0,1,25,0,1,0,0,0.0,0.0,0,0,0,0.0,0,0,0,0.0,0.0,0.0,0,0,90,0,0,0,0
548,25-26-prem-brighton-hove-albion-vs-sunderland,27,0,0,2,0.08,0.00026313,1,0,0,1,12,2,50,0.0,0,0,0.0,0,0.0,0,0,0,0,0,0,2,0,4,0,0.0,0,0.0,0,0,0,0,0.0,0.0,0,0,0,0.0,0,0,0,0.0,0.0,0.055,0,0,90,0,0,0,0
172,25-26-prem-brighton-hove-albion-vs-sunderland,4,0,0,0,0.0,0.00482731,0,0,0,0,3,3,100,0.0,1,0,0.0,0,0.0,0,0,0,0,0,0,0,0,0,0,0.0,0,0.0,0,0,0,0,0.0,0.0,0,0,0,0.0,0,0,0,0.0,0.0,0.0,0,0,90,0,0,0,0
350,25-26-prem-leeds-united-vs-crystal-palace,76,0,1,1,0.02,0.00987104,0,1,0,1,43,19,90,0.0,1,0,0.0,1,100,1,1,4,0,1,0,1,5,6,3,38,2,67,1,0,0,0,0.0,0.0,0,0,0,0.0,0,0,0,50,100,0.0,1,0,0,0,0,0,7
732,25-26-prem-leeds-united-vs-crystal-palace,13,0,1,0,0.0,0.00019202,0,0,0,2,7,2,67,0.0,1,0,0.0,0,0.0,1,0,0,0,0,0,0,3,2,2,100,1,33,1,0,0,0,0.0,0.0,0,0,0,0.0,0,0,0,0.0,100,0.0,1,0,90,4,0,0,1
263,25-26-prem-leeds-united-vs-crystal-palace,64,0,0,0,0.0,0.00355368,0,1,0,0,35,17,85,0.0,1,0,0.0,0,0.0,1,1,3,0,2,1,0,4,3,4,67,0,0.0,0,1,0,0,0.0,0.0,0,0,0,0.0,0,0,0,50,33,0.0,3,0,0,2,0,0,6
351,25-26-prem-leeds-united-vs-crystal-palace,13,0,0,1,0.04,0.0570854,0,0,0,2,13,6,86,0.0,1,0,0.0,2,100,1,0,2,0,2,1,0,2,1,1,100,1,50,0,0,0,0,0.0,0.0,0,0,0,0.0,0,0,0,0.0,100,0.0,1,0,90,1,0,0,5
342,25-26-prem-leeds-united-vs-crystal-palace,79,0,0,0,0.0,0.00385418,0,0,0,2,28,12,80,0.0,4,0,0.0,0,0.0,1,0,3,0,3,1,1,1,3,1,33,0,0.0,0,0,0,0,0.0,0.0,0,0,0,0.0,0,0,0,0.0,100,0.0,1,0,0,0,0,0,4
283,25-26-prem-leeds-united-vs-crystal-palace,76,0,0,2,0.07,0.0180559,0,0,0,2,32,7,64,1.0,0,0,0.0,1,100,0,0,2,1,5,5,0,5,7,0,0.0,5,63,0,0,0,0,0.0,0.0,0,0,0,0.0,0,0,0,0.0,0.0,0.0,0,0,0,2,0,0,8
270,25-26-prem-leeds-united-vs-crystal-palace,45,0,0,0,0.0,0.00782732,0,1,0,0,26,18,100,0.0,2,0,0.0,0,0.0,0,0,4,1,2,1,0,2,2,2,50,0,0.0,1,0,0,0,0.0,0.0,0,0,0,0.0,0,0,0,100,0.0,0.0,0,0,0,2,0,0,7
712,25-26-prem-leeds-united-vs-crystal-palace,85,0,0,2,0.12,0.0568356,0,0,0,2,43,21,72,1.0,4,0,0.0,3,60,0,0,2,0,4,2,0,0,2,0,0.0,0,0.0,0,1,0,0,0.0,0.0,0,0,0,0.0,0,0,0,0.0,0.0,0.0,0,0,0,2,0,0,6
284,25-26-prem-leeds-united-vs-crystal-palace,76,0,0,2,0.15,0.016793,1,0,0,1,37,14,88,1.0,3,0,0.0,0,0.0,2,0,2,0,5,3,1,2,8,2,25,0,0.0,0,0,0,0,0.0,0.0,0,0,0,0.0,0,0,0,0.0,100,0.0827,2,0,0,2,0,0,9
665,25-26-prem-leeds-united-vs-crystal-palace,90,0,0,0,0.0,0.00051244,0,0,0,0,58,36,72,0.0,10,0,0.0,3,18,0,0,5,0,0,0,0,0,1,0,0.0,0,0.0,0,1,2,1,0.9,-0.1,0,37,3,0.0,1,0,0,0.0,0.0,0.0,0,0,90,1,0,0,0
272,25-26-prem-leeds-united-vs-crystal-palace,45,0,0,0,0.0,0.221979,0,0,0,1,30,16,89,1.0,0,1,100,2,100,0,0,3,0,4,1,1,3,4,1,33,2,50,0,0,0,0,0.0,0.0,0,0,0,0.0,0,0,0,0.0,0.0,0.0,1,0,90,4,0,0,8
259,25-26-prem-leeds-united-vs-crystal-palace,25,0,0,0,0.0,0.0568126,0,0,0,2,18,6,67,1.0,1,0,0.0,0,0.0,0,0,0,0,2,0,0,1,4,1,25,0,0.0,0,2,0,0,0.0,0.0,0,0,0,0.0,0,0,0,0.0,0.0,0.0,1,0,90,4,0,0,3
358,25-26-prem-leeds-united-vs-crystal-palace,13,0,0,0,0.0,0.00186479,0,0,0,0,10,3,60,0.0,0,0,0.0,0,0.0,0,0,0,0,0,0,0,0,0,0,0.0,0,0.0,0,0,0,0,0.0,0.0,0,0,0,0.0,0,0,0,0.0,0.0,0.0,0,0,90,1,0,0,0
706,25-26-prem-leeds-united-vs-crystal-palace,10,0,0,0,0.0,0.00073304,0,0,0,0,9,3,100,0.0,2,0,0.0,0,0.0,0,0,0,0,1,1,0,1,1,0,0.0,1,100,0,0,0,0,0.0,0.0,0,0,0,0.0,0,0,0,0.0,0.0,0.0,0,0,90,1,0,0,1
257,25-26-prem-leeds-united-vs-crystal-palace,90,0,0,0,0.0,0.00465157,0,0,0,1,57,28,82,0.0,2,0,0.0,0,0.0,3,2,1,0,12,11,1,7,6,3,50,4,57,0,2,0,0,0.0,0.0,0,0,0,0.0,0,0,0,0.0,100,0.0,3,0,90,4,0,0,17
260,25-26-prem-leeds-united-vs-crystal-palace,90,0,0,0,0.0,0.0121038,0,0,0,2,63,39,80,0.0,7,0,0.0,1,14,0,2,3,1,7,3,0,4,3,1,50,3,60,1,1,0,0,0.0,0.0,0,0,0,0.0,0,0,0,0.0,0.0,0.0,0,0,90,4,0,0,10
253,25-26-prem-leeds-united-vs-crystal-palace,90,0,0,0,0.0,0.00870548,0,1,0,0,39,17,57,0.0,7,0,0.0,4,24,0,0,7,0,1,0,0,1,0,1,100,0,0.0,0,0,2,4,3.17,-0.83,0,19,4,0.0,0,0,0,100,0.0,0.0,0,0,90,4,0,0,0
261,25-26-prem-leeds-united-vs-crystal-palace,90,0,0,0,0.0,0.063659,0,1,0,1,68,35,83,0.0,3,0,0.0,0,0.0,1,1,1,2,10,6,1,8,7,5,83,3,33,1,1,0,0,0.0,0.0,0,0,0,0.0,0,0,0,100,33,0.0,3,0,90,4,0,0,16
362,25-26-prem-leeds-united-vs-crystal-palace,3,0,0,0,0.0,0.00000929,0,0,0,0,5,2,67,0.0,1,0,0.0,0,0.0,0,0,1,0,0,0,0,0,5,0,0.0,0,0.0,0,1,0,0,0.0,0.0,0,0,0,0.0,0,0,0,0.0,0.0,0.0,0,0,90,1,0,0,1
356,25-26-prem-leeds-united-vs-crystal-palace,3,0,1,0,0.0,0.00082199,0,0,0,0,5,1,50,0.0,0,0,0.0,0,0.0,0,0,1,0,0,0,0,1,0,1,100,0,0.0,1,0,0,0,0.0,0.0,0,0,0,0.0,0,0,0,0.0,0.0,0.0,0,0,90,1,0,0,1
762,25-26-prem-leeds-united-vs-crystal-palace,4,0,0,0,0.0,0.00108372,0,0,0,0,6,5,83,0.0,3,0,0.0,0,0.0,0,0,1,0,0,0,0,0,0,0,0.0,0,0.0,0,0,0,0,0.0,0.0,0,0,0,0.0,0,0,0,0.0,0.0,0.0,0,0,90,4,0,0,1
715,25-26-prem-fulham-vs-nottingham-forest,90,0,0,0,0.0,0.00271304,0,0,,,32,23,74.0,0,,0,0.0,6,43.0,0,0,4,,0,,,0,0,0,0.0,0,0.0,0,0,0,1,,,,,,0,,,,0.0,0.0,0.0,0,,,,0,0,
